Patient_ID,Risk_Score,Top_Pathway_1,Top_Pathway_1_Score,Top_Pathway_2,Top_Pathway_2_Score,Top_Pathway_3,Top_Pathway_3_Score
GSM1607684,-8.198265075683594,HALLMARK_HYPOXIA,0.9889636039733887,HALLMARK_COMPLEMENT,0.0035305789206176996,HALLMARK_TNFA_SIGNALING_VIA_NFKB,0.0024589996319264174
GSM1607685,-6.845667839050293,HALLMARK_HYPOXIA,0.9912449717521667,HALLMARK_COMPLEMENT,0.002215247368440032,HALLMARK_TNFA_SIGNALING_VIA_NFKB,0.0017880266532301903
GSM1607686,-7.287885665893555,HALLMARK_HYPOXIA,0.9883906841278076,HALLMARK_COMPLEMENT,0.003378155641257763,HALLMARK_TNFA_SIGNALING_VIA_NFKB,0.0022842958569526672
GSM1607687,-6.649497032165527,HALLMARK_HYPOXIA,0.9891915917396545,HALLMARK_COMPLEMENT,0.0032788715325295925,HALLMARK_TNFA_SIGNALING_VIA_NFKB,0.001829890301451087
GSM1607688,-7.61062479019165,HALLMARK_HYPOXIA,0.9902818202972412,HALLMARK_COMPLEMENT,0.0025437900330871344,HALLMARK_OXIDATIVE_PHOSPHORYLATION,0.001632257946766913
GSM1607689,-6.65377140045166,HALLMARK_HYPOXIA,0.9920291900634766,HALLMARK_COMPLEMENT,0.002349833259359002,HALLMARK_OXIDATIVE_PHOSPHORYLATION,0.001378399203531444
GSM1607690,-7.738252639770508,HALLMARK_HYPOXIA,0.9848988652229309,HALLMARK_COMPLEMENT,0.004564367234706879,HALLMARK_OXIDATIVE_PHOSPHORYLATION,0.002853156765922904
GSM1607691,-6.513473987579346,HALLMARK_HYPOXIA,0.9898793697357178,HALLMARK_COMPLEMENT,0.0027322645764797926,HALLMARK_OXIDATIVE_PHOSPHORYLATION,0.001578297233209014
GSM1607692,-6.782607555389404,HALLMARK_HYPOXIA,0.9909895658493042,HALLMARK_COMPLEMENT,0.002515726489946246,HALLMARK_OXIDATIVE_PHOSPHORYLATION,0.0013215714134275913
GSM1607693,-8.349149703979492,HALLMARK_HYPOXIA,0.9919337034225464,HALLMARK_COMPLEMENT,0.0023378722835332155,HALLMARK_TNFA_SIGNALING_VIA_NFKB,0.0021803423296660185
GSM1607694,-7.71952486038208,HALLMARK_HYPOXIA,0.9908377528190613,HALLMARK_COMPLEMENT,0.0031989712733775377,HALLMARK_TNFA_SIGNALING_VIA_NFKB,0.001483392552472651
GSM1607695,-6.9288787841796875,HALLMARK_HYPOXIA,0.9909589290618896,HALLMARK_COMPLEMENT,0.0035158032551407814,HALLMARK_TGF_BETA_SIGNALING,0.0012208150001242757
GSM1607696,-6.844303131103516,HALLMARK_HYPOXIA,0.9938285946846008,HALLMARK_COMPLEMENT,0.0013842062326148152,HALLMARK_TNFA_SIGNALING_VIA_NFKB,0.0013214827049523592
GSM1607697,-7.575130462646484,HALLMARK_HYPOXIA,0.9840721487998962,HALLMARK_COMPLEMENT,0.004190546460449696,HALLMARK_TNFA_SIGNALING_VIA_NFKB,0.003983381204307079
GSM1607698,-5.911210060119629,HALLMARK_HYPOXIA,0.9895867109298706,HALLMARK_TNFA_SIGNALING_VIA_NFKB,0.0026075083296746016,HALLMARK_OXIDATIVE_PHOSPHORYLATION,0.0023004398681223392
GSM1607699,-7.806425094604492,HALLMARK_HYPOXIA,0.991736114025116,HALLMARK_COMPLEMENT,0.002072536386549473,HALLMARK_OXIDATIVE_PHOSPHORYLATION,0.001542536891065538
GSM1607700,-5.725319862365723,HALLMARK_HYPOXIA,0.9875883460044861,HALLMARK_COMPLEMENT,0.0030963062308728695,HALLMARK_TNFA_SIGNALING_VIA_NFKB,0.002314831130206585
GSM1607701,-8.335531234741211,HALLMARK_HYPOXIA,0.9863016605377197,HALLMARK_COMPLEMENT,0.005832368973642588,HALLMARK_TNFA_SIGNALING_VIA_NFKB,0.0022220409009605646
GSM1607702,-7.804984092712402,HALLMARK_HYPOXIA,0.9915052056312561,HALLMARK_COMPLEMENT,0.0020968245808035135,HALLMARK_TNFA_SIGNALING_VIA_NFKB,0.0017758577596396208
GSM1607703,-8.083023071289062,HALLMARK_HYPOXIA,0.9901635050773621,HALLMARK_COMPLEMENT,0.002901943400502205,HALLMARK_TGF_BETA_SIGNALING,0.0018762970576062799
GSM1607704,-6.194665908813477,HALLMARK_HYPOXIA,0.990702748298645,HALLMARK_COMPLEMENT,0.0026214979588985443,HALLMARK_OXIDATIVE_PHOSPHORYLATION,0.0015592339914292097
GSM1607705,-7.985260009765625,HALLMARK_HYPOXIA,0.9904401302337646,HALLMARK_COMPLEMENT,0.0027719163335859776,HALLMARK_OXIDATIVE_PHOSPHORYLATION,0.0014935180079191923
GSM1607706,-7.755013465881348,HALLMARK_HYPOXIA,0.9885392785072327,HALLMARK_TNFA_SIGNALING_VIA_NFKB,0.0031932310666888952,HALLMARK_COMPLEMENT,0.003047844860702753
GSM1607707,-6.529115676879883,HALLMARK_HYPOXIA,0.9896412491798401,HALLMARK_COMPLEMENT,0.0030274484306573868,HALLMARK_TNFA_SIGNALING_VIA_NFKB,0.0018217925680801272
GSM1607708,-7.163009166717529,HALLMARK_HYPOXIA,0.9904954433441162,HALLMARK_COMPLEMENT,0.0023593204095959663,HALLMARK_TNFA_SIGNALING_VIA_NFKB,0.001759932842105627
GSM1607709,-8.38551139831543,HALLMARK_HYPOXIA,0.9912837743759155,HALLMARK_COMPLEMENT,0.0032091522589325905,HALLMARK_TNFA_SIGNALING_VIA_NFKB,0.0015755783533677459
GSM1607710,-6.792740821838379,HALLMARK_HYPOXIA,0.9895311594009399,HALLMARK_COMPLEMENT,0.002808802993968129,HALLMARK_TNFA_SIGNALING_VIA_NFKB,0.0018312534084543586
GSM1607711,-9.022878646850586,HALLMARK_HYPOXIA,0.9884769916534424,HALLMARK_COMPLEMENT,0.0030378419905900955,HALLMARK_TNFA_SIGNALING_VIA_NFKB,0.0025516212917864323
GSM1607712,-5.670156955718994,HALLMARK_HYPOXIA,0.9915162324905396,HALLMARK_COMPLEMENT,0.002985697938129306,HALLMARK_TGF_BETA_SIGNALING,0.0013669143663719296
GSM1607713,-6.802787780761719,HALLMARK_HYPOXIA,0.9822072982788086,HALLMARK_TNFA_SIGNALING_VIA_NFKB,0.0053242966532707214,HALLMARK_COMPLEMENT,0.004512126557528973
GSM1607714,-7.572759628295898,HALLMARK_HYPOXIA,0.9891902208328247,HALLMARK_TNFA_SIGNALING_VIA_NFKB,0.002837717765942216,HALLMARK_COMPLEMENT,0.002199804410338402
GSM1607715,-5.749761581420898,HALLMARK_HYPOXIA,0.9895377159118652,HALLMARK_COMPLEMENT,0.00239212135784328,HALLMARK_TNFA_SIGNALING_VIA_NFKB,0.001790206995792687
GSM1607716,-6.715666770935059,HALLMARK_HYPOXIA,0.9916150569915771,HALLMARK_COMPLEMENT,0.0024639058392494917,HALLMARK_TNFA_SIGNALING_VIA_NFKB,0.0014092917554080486
GSM1607717,-6.842676162719727,HALLMARK_HYPOXIA,0.9903420209884644,HALLMARK_COMPLEMENT,0.0031513411086052656,HALLMARK_OXIDATIVE_PHOSPHORYLATION,0.0017902710242196918
GSM1607718,-7.239955902099609,HALLMARK_HYPOXIA,0.9936298727989197,HALLMARK_COMPLEMENT,0.0013688906328752637,HALLMARK_TNFA_SIGNALING_VIA_NFKB,0.0011107769096270204
GSM1607719,-7.965035438537598,HALLMARK_HYPOXIA,0.9918632507324219,HALLMARK_COMPLEMENT,0.002815963700413704,HALLMARK_TNFA_SIGNALING_VIA_NFKB,0.0015908828936517239
GSM1607720,-8.058465957641602,HALLMARK_HYPOXIA,0.9893255233764648,HALLMARK_COMPLEMENT,0.003476722864434123,HALLMARK_TGF_BETA_SIGNALING,0.001754583092406392
GSM1607721,-6.507210731506348,HALLMARK_HYPOXIA,0.9909409880638123,HALLMARK_TNFA_SIGNALING_VIA_NFKB,0.0020199413411319256,HALLMARK_OXIDATIVE_PHOSPHORYLATION,0.0018402027199044824
GSM1607722,-6.540340423583984,HALLMARK_HYPOXIA,0.9895097017288208,HALLMARK_COMPLEMENT,0.0026316719595342875,HALLMARK_OXIDATIVE_PHOSPHORYLATION,0.0019184037810191512
GSM1607723,-7.090691089630127,HALLMARK_HYPOXIA,0.989075779914856,HALLMARK_COMPLEMENT,0.0038542961701750755,HALLMARK_TNFA_SIGNALING_VIA_NFKB,0.0015965689672157168
GSM1607724,-6.608994483947754,HALLMARK_HYPOXIA,0.9904215335845947,HALLMARK_COMPLEMENT,0.002484614262357354,HALLMARK_TNFA_SIGNALING_VIA_NFKB,0.002250104444101453
GSM1607725,-5.645456314086914,HALLMARK_HYPOXIA,0.9919920563697815,HALLMARK_COMPLEMENT,0.0015523743350058794,HALLMARK_TNFA_SIGNALING_VIA_NFKB,0.0014855428598821163
GSM1607726,-7.820894241333008,HALLMARK_HYPOXIA,0.9845527410507202,HALLMARK_COMPLEMENT,0.004361297469586134,HALLMARK_TNFA_SIGNALING_VIA_NFKB,0.003459976753219962
GSM1607727,-7.441868782043457,HALLMARK_HYPOXIA,0.9904770851135254,HALLMARK_COMPLEMENT,0.0025282008573412895,HALLMARK_TGF_BETA_SIGNALING,0.001780883176252246
GSM1607728,-7.666686058044434,HALLMARK_HYPOXIA,0.9928337335586548,HALLMARK_COMPLEMENT,0.0025062961503863335,HALLMARK_OXIDATIVE_PHOSPHORYLATION,0.0009441098081879318
GSM1607729,-8.005292892456055,HALLMARK_HYPOXIA,0.9944029450416565,HALLMARK_COMPLEMENT,0.0020949156023561954,HALLMARK_TGF_BETA_SIGNALING,0.0008011028403416276
GSM1607730,-7.4879865646362305,HALLMARK_HYPOXIA,0.9921443462371826,HALLMARK_COMPLEMENT,0.0020513415802270174,HALLMARK_OXIDATIVE_PHOSPHORYLATION,0.0011466757860034704
GSM1607731,-6.8801188468933105,HALLMARK_HYPOXIA,0.9882808327674866,HALLMARK_COMPLEMENT,0.0038672485388815403,HALLMARK_TNFA_SIGNALING_VIA_NFKB,0.0017109108157455921
GSM1607732,-6.01754093170166,HALLMARK_HYPOXIA,0.9895309209823608,HALLMARK_COMPLEMENT,0.0025020763278007507,HALLMARK_OXIDATIVE_PHOSPHORYLATION,0.0018941876478493214
GSM1607733,-7.198037147521973,HALLMARK_HYPOXIA,0.9911907911300659,HALLMARK_COMPLEMENT,0.0022887135855853558,HALLMARK_TNFA_SIGNALING_VIA_NFKB,0.001747491187416017
GSM1607734,-6.589964866638184,HALLMARK_HYPOXIA,0.9881023168563843,HALLMARK_COMPLEMENT,0.0033888202160596848,HALLMARK_TNFA_SIGNALING_VIA_NFKB,0.002493842039257288
GSM1607735,-6.5821075439453125,HALLMARK_HYPOXIA,0.9907269477844238,HALLMARK_COMPLEMENT,0.003364445408806205,HALLMARK_TNFA_SIGNALING_VIA_NFKB,0.00119540945161134
GSM1607736,-7.330953598022461,HALLMARK_HYPOXIA,0.992367684841156,HALLMARK_COMPLEMENT,0.0026574500370770693,HALLMARK_OXIDATIVE_PHOSPHORYLATION,0.0012233569286763668
GSM1607737,-7.815770149230957,HALLMARK_HYPOXIA,0.9906559586524963,HALLMARK_COMPLEMENT,0.0025518510956317186,HALLMARK_OXIDATIVE_PHOSPHORYLATION,0.001611568732187152
GSM1607738,-7.025343894958496,HALLMARK_HYPOXIA,0.9896546602249146,HALLMARK_COMPLEMENT,0.002817736705765128,HALLMARK_TNFA_SIGNALING_VIA_NFKB,0.0023351493291556835
GSM1607739,-7.887594223022461,HALLMARK_HYPOXIA,0.9921364784240723,HALLMARK_COMPLEMENT,0.0024454384110867977,HALLMARK_OXIDATIVE_PHOSPHORYLATION,0.0013865012442693114
GSM1607740,-6.458362579345703,HALLMARK_HYPOXIA,0.9935021996498108,HALLMARK_COMPLEMENT,0.0020239597652107477,HALLMARK_TGF_BETA_SIGNALING,0.0012162273051217198
GSM1607741,-6.69775390625,HALLMARK_HYPOXIA,0.9920046925544739,HALLMARK_COMPLEMENT,0.002368510700762272,HALLMARK_TNFA_SIGNALING_VIA_NFKB,0.0013281319988891482
GSM1607742,-6.748834609985352,HALLMARK_HYPOXIA,0.9915095567703247,HALLMARK_COMPLEMENT,0.002758759306743741,HALLMARK_TNFA_SIGNALING_VIA_NFKB,0.0015577449230477214
GSM1607743,-7.427398681640625,HALLMARK_HYPOXIA,0.9851133823394775,HALLMARK_COMPLEMENT,0.003957801964133978,HALLMARK_TNFA_SIGNALING_VIA_NFKB,0.002717883326113224
GSM1607744,-7.005966663360596,HALLMARK_HYPOXIA,0.9920451641082764,HALLMARK_COMPLEMENT,0.0025053254794329405,HALLMARK_TGF_BETA_SIGNALING,0.0015038169221952558
GSM1607745,-6.501867771148682,HALLMARK_HYPOXIA,0.9919739365577698,HALLMARK_TNFA_SIGNALING_VIA_NFKB,0.0019027242669835687,HALLMARK_COMPLEMENT,0.001525204861536622
GSM1607746,-6.418665885925293,HALLMARK_HYPOXIA,0.9909714460372925,HALLMARK_COMPLEMENT,0.0028083305805921555,HALLMARK_OXIDATIVE_PHOSPHORYLATION,0.001726213376969099
GSM1607747,-6.460204124450684,HALLMARK_HYPOXIA,0.9903504252433777,HALLMARK_COMPLEMENT,0.002704733982682228,HALLMARK_TNFA_SIGNALING_VIA_NFKB,0.001874418929219246
GSM1607748,-7.64621114730835,HALLMARK_HYPOXIA,0.9861866235733032,HALLMARK_COMPLEMENT,0.005700945854187012,HALLMARK_TNFA_SIGNALING_VIA_NFKB,0.002032509073615074
GSM1607749,-8.369482040405273,HALLMARK_HYPOXIA,0.9924296736717224,HALLMARK_COMPLEMENT,0.002182566560804844,HALLMARK_TNFA_SIGNALING_VIA_NFKB,0.0015508332289755344
GSM1607750,-7.5091729164123535,HALLMARK_HYPOXIA,0.9873238801956177,HALLMARK_OXIDATIVE_PHOSPHORYLATION,0.0031809788197278976,HALLMARK_COMPLEMENT,0.0025041878689080477
GSM1607751,-6.476050853729248,HALLMARK_HYPOXIA,0.9912567138671875,HALLMARK_COMPLEMENT,0.0022432191763073206,HALLMARK_OXIDATIVE_PHOSPHORYLATION,0.0017706570215523243
GSM1607752,-7.04226541519165,HALLMARK_HYPOXIA,0.991709291934967,HALLMARK_COMPLEMENT,0.002123057609423995,HALLMARK_TNFA_SIGNALING_VIA_NFKB,0.0014721364714205265
GSM1607753,-7.93019962310791,HALLMARK_HYPOXIA,0.988098680973053,HALLMARK_COMPLEMENT,0.004581546876579523,HALLMARK_TNFA_SIGNALING_VIA_NFKB,0.0018898845883086324
GSM1607754,-7.969620704650879,HALLMARK_HYPOXIA,0.9893149137496948,HALLMARK_COMPLEMENT,0.0027225548401474953,HALLMARK_TNFA_SIGNALING_VIA_NFKB,0.0016087810508906841
GSM1607755,-5.977917194366455,HALLMARK_HYPOXIA,0.9921890497207642,HALLMARK_COMPLEMENT,0.0017473296029493213,HALLMARK_OXIDATIVE_PHOSPHORYLATION,0.0017225216142833233
GSM1607756,-7.503519535064697,HALLMARK_HYPOXIA,0.9922084808349609,HALLMARK_COMPLEMENT,0.002893365453928709,HALLMARK_OXIDATIVE_PHOSPHORYLATION,0.0012547768419608474
GSM1607757,-7.580592155456543,HALLMARK_HYPOXIA,0.9917973279953003,HALLMARK_COMPLEMENT,0.002147210529074073,HALLMARK_TNFA_SIGNALING_VIA_NFKB,0.001900384551845491
GSM1607758,-7.901841163635254,HALLMARK_HYPOXIA,0.9880900382995605,HALLMARK_COMPLEMENT,0.003992605954408646,HALLMARK_OXIDATIVE_PHOSPHORYLATION,0.0021886827889829874
GSM1607759,-7.590085029602051,HALLMARK_HYPOXIA,0.9902006983757019,HALLMARK_COMPLEMENT,0.002553244587033987,HALLMARK_TGF_BETA_SIGNALING,0.0016662946436554193
GSM1607760,-7.237181186676025,HALLMARK_HYPOXIA,0.9885878562927246,HALLMARK_COMPLEMENT,0.0035515143536031246,HALLMARK_TNFA_SIGNALING_VIA_NFKB,0.0015337348449975252
GSM1607761,-7.434568881988525,HALLMARK_HYPOXIA,0.9931041598320007,HALLMARK_COMPLEMENT,0.00179128791205585,HALLMARK_TGF_BETA_SIGNALING,0.0010609579039737582
GSM1607762,-6.957435607910156,HALLMARK_HYPOXIA,0.9906750321388245,HALLMARK_COMPLEMENT,0.003036194248124957,HALLMARK_OXIDATIVE_PHOSPHORYLATION,0.0016471340786665678
GSM1607763,-6.040098667144775,HALLMARK_HYPOXIA,0.9937269687652588,HALLMARK_COMPLEMENT,0.0014649282675236464,HALLMARK_OXIDATIVE_PHOSPHORYLATION,0.0010640559485182166
GSM1607764,-6.721512794494629,HALLMARK_HYPOXIA,0.9886471629142761,HALLMARK_TNFA_SIGNALING_VIA_NFKB,0.0030910400673747063,HALLMARK_COMPLEMENT,0.0029498187359422445
GSM1607765,-7.849885940551758,HALLMARK_HYPOXIA,0.99155592918396,HALLMARK_COMPLEMENT,0.0023760285694152117,HALLMARK_TNFA_SIGNALING_VIA_NFKB,0.0016742482548579574
GSM1607766,-6.707915782928467,HALLMARK_HYPOXIA,0.990605890750885,HALLMARK_COMPLEMENT,0.0032475402113050222,HALLMARK_TNFA_SIGNALING_VIA_NFKB,0.001527040614746511
GSM1607767,-7.70839262008667,HALLMARK_HYPOXIA,0.9930717349052429,HALLMARK_COMPLEMENT,0.0015603116480633616,HALLMARK_TNFA_SIGNALING_VIA_NFKB,0.001483897096477449
GSM1607768,-6.579944133758545,HALLMARK_HYPOXIA,0.9870949387550354,HALLMARK_COMPLEMENT,0.004708350636065006,HALLMARK_TNFA_SIGNALING_VIA_NFKB,0.0024525257758796215
GSM1607769,-7.157238006591797,HALLMARK_HYPOXIA,0.9906050562858582,HALLMARK_COMPLEMENT,0.002522636204957962,HALLMARK_TNFA_SIGNALING_VIA_NFKB,0.0015635292511433363
GSM1607770,-7.103453159332275,HALLMARK_HYPOXIA,0.9922783374786377,HALLMARK_COMPLEMENT,0.002020609099417925,HALLMARK_TNFA_SIGNALING_VIA_NFKB,0.001479996251873672
GSM1607771,-7.33021354675293,HALLMARK_HYPOXIA,0.9875473976135254,HALLMARK_COMPLEMENT,0.0031910461839288473,HALLMARK_OXIDATIVE_PHOSPHORYLATION,0.0027477953117340803
GSM1607772,-8.140278816223145,HALLMARK_HYPOXIA,0.9885546565055847,HALLMARK_TNFA_SIGNALING_VIA_NFKB,0.0034210970625281334,HALLMARK_COMPLEMENT,0.002616517711430788
GSM1607773,-6.309937477111816,HALLMARK_HYPOXIA,0.9917228817939758,HALLMARK_COMPLEMENT,0.0024046925827860832,HALLMARK_TGF_BETA_SIGNALING,0.0014480722602456808
GSM1607774,-6.79139518737793,HALLMARK_HYPOXIA,0.9891827702522278,HALLMARK_COMPLEMENT,0.003264944301918149,HALLMARK_OXIDATIVE_PHOSPHORYLATION,0.0021386160515248775
GSM1607775,-6.0361528396606445,HALLMARK_HYPOXIA,0.9912910461425781,HALLMARK_COMPLEMENT,0.002905614674091339,HALLMARK_HEME_METABOLISM,0.0011907159350812435
GSM1607776,-7.347550392150879,HALLMARK_HYPOXIA,0.9903091788291931,HALLMARK_COMPLEMENT,0.0031829532235860825,HALLMARK_TNFA_SIGNALING_VIA_NFKB,0.0019793445244431496
GSM1607777,-7.465810298919678,HALLMARK_HYPOXIA,0.9926856756210327,HALLMARK_COMPLEMENT,0.0021084975451231003,HALLMARK_TNFA_SIGNALING_VIA_NFKB,0.001277799834497273
GSM1607778,-7.586727619171143,HALLMARK_HYPOXIA,0.9886442422866821,HALLMARK_TNFA_SIGNALING_VIA_NFKB,0.002498837886378169,HALLMARK_COMPLEMENT,0.0022343932650983334
GSM1607779,-6.828793525695801,HALLMARK_HYPOXIA,0.9878508448600769,HALLMARK_COMPLEMENT,0.0036060356069356203,HALLMARK_TNFA_SIGNALING_VIA_NFKB,0.0020877262577414513
GSM1607780,-6.090742588043213,HALLMARK_HYPOXIA,0.9880038499832153,HALLMARK_COMPLEMENT,0.0033791917376220226,HALLMARK_OXIDATIVE_PHOSPHORYLATION,0.0022045564837753773
GSM1607781,-7.324674606323242,HALLMARK_HYPOXIA,0.9874322414398193,HALLMARK_COMPLEMENT,0.0041617644019424915,HALLMARK_TGF_BETA_SIGNALING,0.0021068844944238663
GSM1607782,-6.912168025970459,HALLMARK_HYPOXIA,0.9931133389472961,HALLMARK_COMPLEMENT,0.0018216429743915796,HALLMARK_TNFA_SIGNALING_VIA_NFKB,0.0014123051660135388
GSM1607783,-8.120513916015625,HALLMARK_HYPOXIA,0.9887474775314331,HALLMARK_COMPLEMENT,0.004259035456925631,HALLMARK_TNFA_SIGNALING_VIA_NFKB,0.0020101333502680063
GSM1607784,-7.777656555175781,HALLMARK_HYPOXIA,0.9926671385765076,HALLMARK_COMPLEMENT,0.0025722382124513388,HALLMARK_TGF_BETA_SIGNALING,0.001067697536200285
GSM1607785,-5.557336807250977,HALLMARK_HYPOXIA,0.9926978945732117,HALLMARK_COMPLEMENT,0.0016772318631410599,HALLMARK_TNFA_SIGNALING_VIA_NFKB,0.001408883836120367
GSM1607786,-6.300074577331543,HALLMARK_HYPOXIA,0.9918771982192993,HALLMARK_COMPLEMENT,0.002580002648755908,HALLMARK_OXIDATIVE_PHOSPHORYLATION,0.001700055436231196
GSM1607787,-7.205819606781006,HALLMARK_HYPOXIA,0.9893452525138855,HALLMARK_COMPLEMENT,0.0024163152556866407,HALLMARK_TNFA_SIGNALING_VIA_NFKB,0.002323570428416133
GSM1607788,-6.817469120025635,HALLMARK_HYPOXIA,0.9880535006523132,HALLMARK_COMPLEMENT,0.0031019668094813824,HALLMARK_TNFA_SIGNALING_VIA_NFKB,0.002169088227674365
GSM1607789,-8.130509376525879,HALLMARK_HYPOXIA,0.9934078454971313,HALLMARK_COMPLEMENT,0.0021093140821903944,HALLMARK_TGF_BETA_SIGNALING,0.0010786964558064938
GSM1607790,-6.420256614685059,HALLMARK_HYPOXIA,0.9880611896514893,HALLMARK_COMPLEMENT,0.0032905074767768383,HALLMARK_TNFA_SIGNALING_VIA_NFKB,0.0021244667004793882
GSM1607791,-7.981851577758789,HALLMARK_HYPOXIA,0.9899380207061768,HALLMARK_COMPLEMENT,0.002941741142421961,HALLMARK_TNFA_SIGNALING_VIA_NFKB,0.0019462485797703266
GSM1607792,-6.573380470275879,HALLMARK_HYPOXIA,0.9931238293647766,HALLMARK_COMPLEMENT,0.0020307202357798815,HALLMARK_OXIDATIVE_PHOSPHORYLATION,0.0013108253479003906
GSM1607793,-6.300935745239258,HALLMARK_HYPOXIA,0.989944338798523,HALLMARK_TNFA_SIGNALING_VIA_NFKB,0.0026280528400093317,HALLMARK_COMPLEMENT,0.0019066185923293233
GSM1607794,-7.394998073577881,HALLMARK_HYPOXIA,0.9942916631698608,HALLMARK_COMPLEMENT,0.001903585740365088,HALLMARK_OXIDATIVE_PHOSPHORYLATION,0.0009078420698642731
GSM1607795,-7.290687084197998,HALLMARK_HYPOXIA,0.9881438612937927,HALLMARK_COMPLEMENT,0.0038773324340581894,HALLMARK_OXIDATIVE_PHOSPHORYLATION,0.001963243121281266
GSM1607796,-5.997674465179443,HALLMARK_HYPOXIA,0.9883620142936707,HALLMARK_COMPLEMENT,0.0038515289779752493,HALLMARK_TNFA_SIGNALING_VIA_NFKB,0.001767504494637251
GSM1607797,-6.575823783874512,HALLMARK_HYPOXIA,0.9899463057518005,HALLMARK_COMPLEMENT,0.0029335739091038704,HALLMARK_TNFA_SIGNALING_VIA_NFKB,0.0018080826848745346
GSM1607798,-6.992363452911377,HALLMARK_HYPOXIA,0.9941449761390686,HALLMARK_COMPLEMENT,0.0013912817230448127,HALLMARK_TNFA_SIGNALING_VIA_NFKB,0.0011166546028107405
GSM1607799,-7.108474254608154,HALLMARK_HYPOXIA,0.9879155158996582,HALLMARK_COMPLEMENT,0.00382154225371778,HALLMARK_OXIDATIVE_PHOSPHORYLATION,0.002240218920633197
GSM1607800,-6.014642238616943,HALLMARK_HYPOXIA,0.9912374019622803,HALLMARK_COMPLEMENT,0.003192966105416417,HALLMARK_TGF_BETA_SIGNALING,0.0011836971389129758
GSM1607801,-6.613879203796387,HALLMARK_HYPOXIA,0.9902933835983276,HALLMARK_COMPLEMENT,0.0021632162388414145,HALLMARK_TNFA_SIGNALING_VIA_NFKB,0.001898079295642674
GSM1607802,-6.204824924468994,HALLMARK_HYPOXIA,0.9902684688568115,HALLMARK_TNFA_SIGNALING_VIA_NFKB,0.0022572088055312634,HALLMARK_COMPLEMENT,0.0021135860588401556
GSM1607803,-7.229788303375244,HALLMARK_HYPOXIA,0.9891934990882874,HALLMARK_COMPLEMENT,0.003432756057009101,HALLMARK_TGF_BETA_SIGNALING,0.0017266686772927642
GSM1607804,-7.767683982849121,HALLMARK_HYPOXIA,0.9927771091461182,HALLMARK_COMPLEMENT,0.001864057732746005,HALLMARK_TNFA_SIGNALING_VIA_NFKB,0.00128726486582309
GSM1607805,-8.046429634094238,HALLMARK_HYPOXIA,0.9904031753540039,HALLMARK_COMPLEMENT,0.002739692572504282,HALLMARK_TNFA_SIGNALING_VIA_NFKB,0.0017153732478618622
GSM1607806,-8.053564071655273,HALLMARK_HYPOXIA,0.9845141768455505,HALLMARK_COMPLEMENT,0.004196485038846731,HALLMARK_TNFA_SIGNALING_VIA_NFKB,0.0036625019274652004
GSM1607807,-8.18484878540039,HALLMARK_HYPOXIA,0.9881902933120728,HALLMARK_COMPLEMENT,0.0036788396537303925,HALLMARK_TNFA_SIGNALING_VIA_NFKB,0.0021105892956256866
GSM1607808,-5.372137069702148,HALLMARK_HYPOXIA,0.9926421046257019,HALLMARK_COMPLEMENT,0.001569945365190506,HALLMARK_TNFA_SIGNALING_VIA_NFKB,0.0013904622755944729
GSM1607809,-7.069936275482178,HALLMARK_HYPOXIA,0.9881587624549866,HALLMARK_COMPLEMENT,0.003159762592986226,HALLMARK_OXIDATIVE_PHOSPHORYLATION,0.0019130597356706858
GSM1607810,-6.870067596435547,HALLMARK_HYPOXIA,0.9887911081314087,HALLMARK_COMPLEMENT,0.004394551273435354,HALLMARK_TNFA_SIGNALING_VIA_NFKB,0.0017799782799556851
GSM1607811,-7.499695777893066,HALLMARK_HYPOXIA,0.9927655458450317,HALLMARK_TNFA_SIGNALING_VIA_NFKB,0.001636570319533348,HALLMARK_COMPLEMENT,0.0015052089001983404
GSM1607812,-6.666863918304443,HALLMARK_HYPOXIA,0.9908010363578796,HALLMARK_COMPLEMENT,0.002451048232614994,HALLMARK_OXIDATIVE_PHOSPHORYLATION,0.0014166624750941992
GSM1607813,-6.5551605224609375,HALLMARK_HYPOXIA,0.9891614317893982,HALLMARK_COMPLEMENT,0.0032946772407740355,HALLMARK_TGF_BETA_SIGNALING,0.001763697830028832
GSM1607814,-8.057373046875,HALLMARK_HYPOXIA,0.992637038230896,HALLMARK_COMPLEMENT,0.0016060443595051765,HALLMARK_TNFA_SIGNALING_VIA_NFKB,0.0014012689935043454
GSM1607815,-5.451735496520996,HALLMARK_HYPOXIA,0.9935977458953857,HALLMARK_COMPLEMENT,0.001745306421071291,HALLMARK_OXIDATIVE_PHOSPHORYLATION,0.0011462346883490682
GSM1607816,-8.095734596252441,HALLMARK_HYPOXIA,0.9903247356414795,HALLMARK_COMPLEMENT,0.003754914505407214,HALLMARK_TNFA_SIGNALING_VIA_NFKB,0.0017452267929911613
GSM1607817,-7.934501647949219,HALLMARK_HYPOXIA,0.9872144460678101,HALLMARK_COMPLEMENT,0.004104739520698786,HALLMARK_TNFA_SIGNALING_VIA_NFKB,0.002577312523499131
GSM1607818,-7.309567451477051,HALLMARK_HYPOXIA,0.9876285791397095,HALLMARK_COMPLEMENT,0.003872358938679099,HALLMARK_OXIDATIVE_PHOSPHORYLATION,0.0024481238797307014
GSM1607819,-7.643796920776367,HALLMARK_HYPOXIA,0.9914060831069946,HALLMARK_COMPLEMENT,0.0023969842586666346,HALLMARK_TGF_BETA_SIGNALING,0.0014385196845978498
GSM1607820,-6.754484176635742,HALLMARK_HYPOXIA,0.9910959005355835,HALLMARK_COMPLEMENT,0.0023290510289371014,HALLMARK_TNFA_SIGNALING_VIA_NFKB,0.0014359866036102176
GSM1607821,-6.714505195617676,HALLMARK_HYPOXIA,0.9916316866874695,HALLMARK_COMPLEMENT,0.002792531857267022,HALLMARK_OXIDATIVE_PHOSPHORYLATION,0.001256404328159988
GSM1607822,-8.609472274780273,HALLMARK_HYPOXIA,0.9909778833389282,HALLMARK_COMPLEMENT,0.002007833682000637,HALLMARK_TNFA_SIGNALING_VIA_NFKB,0.00199289177544415
GSM1607823,-6.498817443847656,HALLMARK_HYPOXIA,0.9937485456466675,HALLMARK_COMPLEMENT,0.0018084968905895948,HALLMARK_TNFA_SIGNALING_VIA_NFKB,0.0013342086458578706
GSM1607824,-8.195764541625977,HALLMARK_HYPOXIA,0.989180326461792,HALLMARK_COMPLEMENT,0.0029298085719347,HALLMARK_OXIDATIVE_PHOSPHORYLATION,0.002140933880582452
GSM1607825,-5.306041717529297,HALLMARK_HYPOXIA,0.9867948889732361,HALLMARK_COMPLEMENT,0.0036830862518399954,HALLMARK_OXIDATIVE_PHOSPHORYLATION,0.0022863319609314203
GSM1607826,-7.218242168426514,HALLMARK_HYPOXIA,0.9912791848182678,HALLMARK_COMPLEMENT,0.0020807895343750715,HALLMARK_TNFA_SIGNALING_VIA_NFKB,0.001987400697544217
GSM1607827,-7.742524147033691,HALLMARK_HYPOXIA,0.99299156665802,HALLMARK_COMPLEMENT,0.0026225626934319735,HALLMARK_OXIDATIVE_PHOSPHORYLATION,0.0010484770173206925
GSM1607828,-6.665056228637695,HALLMARK_HYPOXIA,0.9920926690101624,HALLMARK_COMPLEMENT,0.0022153707686811686,HALLMARK_OXIDATIVE_PHOSPHORYLATION,0.001426668488420546
GSM1607829,-7.898815155029297,HALLMARK_HYPOXIA,0.9855331778526306,HALLMARK_TNFA_SIGNALING_VIA_NFKB,0.003682935144752264,HALLMARK_OXIDATIVE_PHOSPHORYLATION,0.0030913057271391153
GSM1607830,-6.873213768005371,HALLMARK_HYPOXIA,0.9850330948829651,HALLMARK_COMPLEMENT,0.004641071893274784,HALLMARK_TNFA_SIGNALING_VIA_NFKB,0.0022894537542015314
GSM1607831,-6.464921951293945,HALLMARK_HYPOXIA,0.9911808371543884,HALLMARK_COMPLEMENT,0.0023325893562287092,HALLMARK_TNFA_SIGNALING_VIA_NFKB,0.0017049394082278013
GSM1607832,-7.412424087524414,HALLMARK_HYPOXIA,0.9830402731895447,HALLMARK_COMPLEMENT,0.006770326755940914,HALLMARK_TNFA_SIGNALING_VIA_NFKB,0.0027592601254582405
GSM1607833,-5.865389823913574,HALLMARK_HYPOXIA,0.9890299439430237,HALLMARK_COMPLEMENT,0.0026811095885932446,HALLMARK_OXIDATIVE_PHOSPHORYLATION,0.0021368402522057295
GSM1607834,-8.391210556030273,HALLMARK_HYPOXIA,0.9878562092781067,HALLMARK_COMPLEMENT,0.0038106536958366632,HALLMARK_TNFA_SIGNALING_VIA_NFKB,0.002536546438932419
GSM1607835,-6.429206848144531,HALLMARK_HYPOXIA,0.9865022897720337,HALLMARK_COMPLEMENT,0.003383784322068095,HALLMARK_TNFA_SIGNALING_VIA_NFKB,0.002606419613584876
GSM1607836,-7.3565778732299805,HALLMARK_HYPOXIA,0.989072859287262,HALLMARK_TNFA_SIGNALING_VIA_NFKB,0.0025069271214306355,HALLMARK_COMPLEMENT,0.002226185519248247
GSM1607837,-6.850520133972168,HALLMARK_HYPOXIA,0.9933290481567383,HALLMARK_COMPLEMENT,0.0017672110116109252,HALLMARK_TNFA_SIGNALING_VIA_NFKB,0.0012467687483876944
GSM1607838,-7.158876419067383,HALLMARK_HYPOXIA,0.9938420057296753,HALLMARK_COMPLEMENT,0.0015015262179076672,HALLMARK_TNFA_SIGNALING_VIA_NFKB,0.0011791324941441417
GSM1607839,-6.80449104309082,HALLMARK_HYPOXIA,0.9931572079658508,HALLMARK_COMPLEMENT,0.0019320190185680985,HALLMARK_TGF_BETA_SIGNALING,0.0011483720736578107
GSM1607840,-7.102980613708496,HALLMARK_HYPOXIA,0.9925304055213928,HALLMARK_COMPLEMENT,0.002578842220827937,HALLMARK_OXIDATIVE_PHOSPHORYLATION,0.0011419112561270595
GSM1607841,-7.259842395782471,HALLMARK_HYPOXIA,0.9910276532173157,HALLMARK_COMPLEMENT,0.0025840422604233027,HALLMARK_TNFA_SIGNALING_VIA_NFKB,0.0020096299704164267
GSM1607842,-6.275704383850098,HALLMARK_HYPOXIA,0.9912277460098267,HALLMARK_COMPLEMENT,0.002277936087921262,HALLMARK_OXIDATIVE_PHOSPHORYLATION,0.001562016550451517
GSM1607843,-8.192682266235352,HALLMARK_HYPOXIA,0.9915487170219421,HALLMARK_COMPLEMENT,0.0028681328985840082,HALLMARK_TNFA_SIGNALING_VIA_NFKB,0.001687726122327149
GSM1607844,-7.140044212341309,HALLMARK_HYPOXIA,0.9885922074317932,HALLMARK_COMPLEMENT,0.003925067838281393,HALLMARK_TGF_BETA_SIGNALING,0.0016662904527038336
GSM1607845,-8.105644226074219,HALLMARK_HYPOXIA,0.9855502843856812,HALLMARK_COMPLEMENT,0.003921182826161385,HALLMARK_OXIDATIVE_PHOSPHORYLATION,0.0030361758545041084
GSM1607846,-5.969791889190674,HALLMARK_HYPOXIA,0.9884828925132751,HALLMARK_COMPLEMENT,0.003423254005610943,HALLMARK_OXIDATIVE_PHOSPHORYLATION,0.0022002840414643288
GSM1607847,-6.7391862869262695,HALLMARK_HYPOXIA,0.990403413772583,HALLMARK_COMPLEMENT,0.0030602742917835712,HALLMARK_TNFA_SIGNALING_VIA_NFKB,0.0014437822392210364
GSM1607848,-6.165337562561035,HALLMARK_HYPOXIA,0.9908945560455322,HALLMARK_COMPLEMENT,0.002634764416143298,HALLMARK_TNFA_SIGNALING_VIA_NFKB,0.0016819087322801352
GSM1607849,-8.09464168548584,HALLMARK_HYPOXIA,0.991582453250885,HALLMARK_COMPLEMENT,0.0032675848342478275,HALLMARK_TNFA_SIGNALING_VIA_NFKB,0.0012444887543097138
GSM1607850,-8.687460899353027,HALLMARK_HYPOXIA,0.9913000464439392,HALLMARK_COMPLEMENT,0.00241468264721334,HALLMARK_TNFA_SIGNALING_VIA_NFKB,0.0016423310153186321
GSM1607851,-6.780384063720703,HALLMARK_HYPOXIA,0.9903439283370972,HALLMARK_COMPLEMENT,0.002209561876952648,HALLMARK_OXIDATIVE_PHOSPHORYLATION,0.0016118624480441213
GSM1607852,-6.17576789855957,HALLMARK_HYPOXIA,0.9928567409515381,HALLMARK_COMPLEMENT,0.0019776406697928905,HALLMARK_OXIDATIVE_PHOSPHORYLATION,0.0011800492648035288
GSM1607853,-6.963406085968018,HALLMARK_HYPOXIA,0.9911392331123352,HALLMARK_COMPLEMENT,0.0024831220507621765,HALLMARK_TNFA_SIGNALING_VIA_NFKB,0.0017142104916274548
GSM1607854,-5.966732978820801,HALLMARK_HYPOXIA,0.989972710609436,HALLMARK_COMPLEMENT,0.0029031001031398773,HALLMARK_TNFA_SIGNALING_VIA_NFKB,0.0018447261536493897
GSM1607855,-7.069965839385986,HALLMARK_HYPOXIA,0.991926908493042,HALLMARK_COMPLEMENT,0.002482261508703232,HALLMARK_TGF_BETA_SIGNALING,0.001276254653930664
GSM1607856,-6.983037948608398,HALLMARK_HYPOXIA,0.9913994073867798,HALLMARK_COMPLEMENT,0.00266017927788198,HALLMARK_OXIDATIVE_PHOSPHORYLATION,0.0013854514108970761
GSM1607857,-7.985239028930664,HALLMARK_HYPOXIA,0.9876030087471008,HALLMARK_COMPLEMENT,0.003782193176448345,HALLMARK_TNFA_SIGNALING_VIA_NFKB,0.0026154126971960068
GSM1607858,-5.709326267242432,HALLMARK_HYPOXIA,0.9887825846672058,HALLMARK_COMPLEMENT,0.0028496007435023785,HALLMARK_OXIDATIVE_PHOSPHORYLATION,0.002410476328805089
GSM1607859,-6.829296112060547,HALLMARK_HYPOXIA,0.9901837706565857,HALLMARK_COMPLEMENT,0.002463467186316848,HALLMARK_OXIDATIVE_PHOSPHORYLATION,0.001738942926749587
GSM1607860,-6.659785747528076,HALLMARK_HYPOXIA,0.9926766157150269,HALLMARK_COMPLEMENT,0.001984931994229555,HALLMARK_HEME_METABOLISM,0.0011947063030675054
GSM1607861,-8.071247100830078,HALLMARK_HYPOXIA,0.9900362491607666,HALLMARK_COMPLEMENT,0.002790770959109068,HALLMARK_TNFA_SIGNALING_VIA_NFKB,0.002343844622373581
GSM1607862,-6.446422100067139,HALLMARK_HYPOXIA,0.9873571395874023,HALLMARK_COMPLEMENT,0.0035388118121773005,HALLMARK_TNFA_SIGNALING_VIA_NFKB,0.003005760256201029
GSM1607863,-6.543667793273926,HALLMARK_HYPOXIA,0.9927054047584534,HALLMARK_COMPLEMENT,0.0020549814216792583,HALLMARK_OXIDATIVE_PHOSPHORYLATION,0.0014777419855818152
GSM1607864,-5.958017826080322,HALLMARK_HYPOXIA,0.9903586506843567,HALLMARK_TNFA_SIGNALING_VIA_NFKB,0.0022231268230825663,HALLMARK_COMPLEMENT,0.0019498806213960052
GSM1607865,-6.5004801750183105,HALLMARK_HYPOXIA,0.9866763353347778,HALLMARK_COMPLEMENT,0.0036599088925868273,HALLMARK_OXIDATIVE_PHOSPHORYLATION,0.002632469404488802
GSM1607866,-7.381135940551758,HALLMARK_HYPOXIA,0.9882690906524658,HALLMARK_TNFA_SIGNALING_VIA_NFKB,0.003541836980730295,HALLMARK_COMPLEMENT,0.00202959100715816
GSM1607867,-7.025439262390137,HALLMARK_HYPOXIA,0.9927836656570435,HALLMARK_COMPLEMENT,0.0019494763109833002,HALLMARK_OXIDATIVE_PHOSPHORYLATION,0.0015419353730976582
GSM1607868,-7.3906145095825195,HALLMARK_HYPOXIA,0.9916213750839233,HALLMARK_COMPLEMENT,0.00296196062117815,HALLMARK_TGF_BETA_SIGNALING,0.0012519503943622112
GSM1607869,-7.017117500305176,HALLMARK_HYPOXIA,0.9921414852142334,HALLMARK_COMPLEMENT,0.0020962872076779604,HALLMARK_TNFA_SIGNALING_VIA_NFKB,0.0017507578013464808
GSM1607870,-7.674505233764648,HALLMARK_HYPOXIA,0.98876953125,HALLMARK_COMPLEMENT,0.003899454837664962,HALLMARK_TNFA_SIGNALING_VIA_NFKB,0.0018914869287982583
GSM1607871,-8.300067901611328,HALLMARK_HYPOXIA,0.987750232219696,HALLMARK_COMPLEMENT,0.0039590816013514996,HALLMARK_OXIDATIVE_PHOSPHORYLATION,0.0024064176250249147
GSM1607872,-6.821685314178467,HALLMARK_HYPOXIA,0.9872415065765381,HALLMARK_COMPLEMENT,0.003350040875375271,HALLMARK_TNFA_SIGNALING_VIA_NFKB,0.002436249051243067
GSM1607873,-6.933984756469727,HALLMARK_HYPOXIA,0.9917889833450317,HALLMARK_COMPLEMENT,0.0024986977223306894,HALLMARK_OXIDATIVE_PHOSPHORYLATION,0.0014840869698673487
GSM1607874,-6.234604835510254,HALLMARK_HYPOXIA,0.9917159676551819,HALLMARK_COMPLEMENT,0.002435200847685337,HALLMARK_OXIDATIVE_PHOSPHORYLATION,0.001382668619044125
GSM1607875,-6.100961685180664,HALLMARK_HYPOXIA,0.9895409941673279,HALLMARK_COMPLEMENT,0.002895901445299387,HALLMARK_OXIDATIVE_PHOSPHORYLATION,0.0018460489809513092
GSM1607876,-6.1978044509887695,HALLMARK_HYPOXIA,0.988805890083313,HALLMARK_COMPLEMENT,0.0034945374354720116,HALLMARK_OXIDATIVE_PHOSPHORYLATION,0.00174991344101727
GSM1607877,-6.889286518096924,HALLMARK_HYPOXIA,0.9915043711662292,HALLMARK_COMPLEMENT,0.0024238943587988615,HALLMARK_OXIDATIVE_PHOSPHORYLATION,0.0014535165391862392
GSM1607878,-7.968236923217773,HALLMARK_HYPOXIA,0.9936942458152771,HALLMARK_COMPLEMENT,0.001984672388061881,HALLMARK_TNFA_SIGNALING_VIA_NFKB,0.0012548965169116855
GSM1607879,-8.860586166381836,HALLMARK_HYPOXIA,0.9894227385520935,HALLMARK_TNFA_SIGNALING_VIA_NFKB,0.0027258419431746006,HALLMARK_COMPLEMENT,0.0025837647262960672
GSM1607880,-8.605890274047852,HALLMARK_HYPOXIA,0.988498866558075,HALLMARK_COMPLEMENT,0.0038968375883996487,HALLMARK_OXIDATIVE_PHOSPHORYLATION,0.0018436037935316563
GSM1607881,-6.876084327697754,HALLMARK_HYPOXIA,0.9895429611206055,HALLMARK_COMPLEMENT,0.0032683827448636293,HALLMARK_OXIDATIVE_PHOSPHORYLATION,0.0018414993537589908
GSM1607882,-6.399394989013672,HALLMARK_HYPOXIA,0.9917212128639221,HALLMARK_COMPLEMENT,0.0025658789090812206,HALLMARK_OXIDATIVE_PHOSPHORYLATION,0.0014274277491495013
GSM1607883,-6.002483367919922,HALLMARK_HYPOXIA,0.9914246797561646,HALLMARK_TNFA_SIGNALING_VIA_NFKB,0.002716249553486705,HALLMARK_COMPLEMENT,0.0018423401052132249
GSM1607884,-7.899672508239746,HALLMARK_HYPOXIA,0.9908317923545837,HALLMARK_COMPLEMENT,0.0025883044581860304,HALLMARK_TNFA_SIGNALING_VIA_NFKB,0.0014409918803721666
GSM1607885,-5.856662750244141,HALLMARK_HYPOXIA,0.9930289387702942,HALLMARK_COMPLEMENT,0.0020098502282053232,HALLMARK_OXIDATIVE_PHOSPHORYLATION,0.001266372506506741
GSM1607886,-5.166416168212891,HALLMARK_HYPOXIA,0.9869712591171265,HALLMARK_COMPLEMENT,0.004083325620740652,HALLMARK_OXIDATIVE_PHOSPHORYLATION,0.0019882842898368835
GSM1607887,-7.751644134521484,HALLMARK_HYPOXIA,0.9861571788787842,HALLMARK_TNFA_SIGNALING_VIA_NFKB,0.0038264587055891752,HALLMARK_COMPLEMENT,0.003744983347132802
GSM1607888,-7.585831165313721,HALLMARK_HYPOXIA,0.9904871582984924,HALLMARK_COMPLEMENT,0.00266621308401227,HALLMARK_TNFA_SIGNALING_VIA_NFKB,0.0014920564135536551
GSM1607889,-7.664642333984375,HALLMARK_HYPOXIA,0.9926685094833374,HALLMARK_COMPLEMENT,0.0026384496595710516,HALLMARK_OXIDATIVE_PHOSPHORYLATION,0.0010027569951489568
GSM1607890,-6.176784515380859,HALLMARK_HYPOXIA,0.9873923659324646,HALLMARK_COMPLEMENT,0.0033316530752927065,HALLMARK_OXIDATIVE_PHOSPHORYLATION,0.0021943170577287674
GSM1607891,-7.398651123046875,HALLMARK_HYPOXIA,0.9894299507141113,HALLMARK_COMPLEMENT,0.0044584427960217,HALLMARK_TNFA_SIGNALING_VIA_NFKB,0.0018121913308277726
GSM1607892,-6.690525054931641,HALLMARK_HYPOXIA,0.9910824298858643,HALLMARK_COMPLEMENT,0.002006875816732645,HALLMARK_TNFA_SIGNALING_VIA_NFKB,0.0016764445463195443
GSM1607893,-7.307579040527344,HALLMARK_HYPOXIA,0.988884449005127,HALLMARK_OXIDATIVE_PHOSPHORYLATION,0.0024232591968029737,HALLMARK_COMPLEMENT,0.0023660568986088037
GSM1607894,-7.420073509216309,HALLMARK_HYPOXIA,0.9925718903541565,HALLMARK_COMPLEMENT,0.0027506137266755104,HALLMARK_OXIDATIVE_PHOSPHORYLATION,0.0011643487960100174
GSM1607895,-7.124240875244141,HALLMARK_HYPOXIA,0.992099940776825,HALLMARK_COMPLEMENT,0.002315053716301918,HALLMARK_TNFA_SIGNALING_VIA_NFKB,0.001481348997913301
GSM1607896,-6.378864288330078,HALLMARK_HYPOXIA,0.9902046918869019,HALLMARK_TNFA_SIGNALING_VIA_NFKB,0.0023791531566530466,HALLMARK_COMPLEMENT,0.00210959161631763
GSM1607897,-5.749556541442871,HALLMARK_HYPOXIA,0.9909282326698303,HALLMARK_COMPLEMENT,0.0022869498934596777,HALLMARK_OXIDATIVE_PHOSPHORYLATION,0.001836197916418314
GSM1607898,-6.37354850769043,HALLMARK_HYPOXIA,0.9911811351776123,HALLMARK_COMPLEMENT,0.0017790780402719975,HALLMARK_TNFA_SIGNALING_VIA_NFKB,0.001765000051818788
GSM1607899,-5.94384765625,HALLMARK_HYPOXIA,0.9892370104789734,HALLMARK_COMPLEMENT,0.0035281446762382984,HALLMARK_OXIDATIVE_PHOSPHORYLATION,0.0016732774674892426
GSM1607900,-6.0297651290893555,HALLMARK_HYPOXIA,0.9895742535591125,HALLMARK_TNFA_SIGNALING_VIA_NFKB,0.0029554092325270176,HALLMARK_COMPLEMENT,0.00226094713434577
GSM1607901,-8.42534065246582,HALLMARK_HYPOXIA,0.9923957586288452,HALLMARK_COMPLEMENT,0.0028732535429298878,HALLMARK_TNFA_SIGNALING_VIA_NFKB,0.0012867924524471164
GSM1607902,-7.788364410400391,HALLMARK_HYPOXIA,0.9918572902679443,HALLMARK_COMPLEMENT,0.002469431608915329,HALLMARK_TNFA_SIGNALING_VIA_NFKB,0.0016203162958845496
GSM1607903,-7.240642547607422,HALLMARK_HYPOXIA,0.9902281761169434,HALLMARK_COMPLEMENT,0.0025554420426487923,HALLMARK_TGF_BETA_SIGNALING,0.0017689125379547477
GSM1607904,-8.317456245422363,HALLMARK_HYPOXIA,0.990925669670105,HALLMARK_COMPLEMENT,0.0038153522182255983,HALLMARK_OXIDATIVE_PHOSPHORYLATION,0.0012625574599951506
GSM1607905,-8.208208084106445,HALLMARK_HYPOXIA,0.9900062680244446,HALLMARK_COMPLEMENT,0.0026965350843966007,HALLMARK_TNFA_SIGNALING_VIA_NFKB,0.0018394691869616508
GSM1607906,-7.6508097648620605,HALLMARK_HYPOXIA,0.9870505332946777,HALLMARK_COMPLEMENT,0.0030967900529503822,HALLMARK_TNFA_SIGNALING_VIA_NFKB,0.002463723998516798
GSM1607907,-6.592152118682861,HALLMARK_HYPOXIA,0.9872844219207764,HALLMARK_COMPLEMENT,0.004548366647213697,HALLMARK_TNFA_SIGNALING_VIA_NFKB,0.003256711643189192
GSM1607908,-6.0441741943359375,HALLMARK_HYPOXIA,0.9921196699142456,HALLMARK_COMPLEMENT,0.002221661852672696,HALLMARK_TGF_BETA_SIGNALING,0.0012896897969767451
GSM1607909,-7.385160446166992,HALLMARK_HYPOXIA,0.987613320350647,HALLMARK_TNFA_SIGNALING_VIA_NFKB,0.0034998708870261908,HALLMARK_COMPLEMENT,0.0030234886799007654
GSM1607910,-7.182228088378906,HALLMARK_HYPOXIA,0.9888870120048523,HALLMARK_COMPLEMENT,0.0041153025813400745,HALLMARK_OXIDATIVE_PHOSPHORYLATION,0.0015306826680898666
GSM1607911,-8.057886123657227,HALLMARK_HYPOXIA,0.9932342171669006,HALLMARK_COMPLEMENT,0.002243389841169119,HALLMARK_TNFA_SIGNALING_VIA_NFKB,0.0010970497969537973
GSM1607912,-7.26315450668335,HALLMARK_HYPOXIA,0.9921167492866516,HALLMARK_COMPLEMENT,0.002531296107918024,HALLMARK_TGF_BETA_SIGNALING,0.0011056246003136039
GSM1607913,-7.421446800231934,HALLMARK_HYPOXIA,0.9864600896835327,HALLMARK_COMPLEMENT,0.0038147917948663235,HALLMARK_TNFA_SIGNALING_VIA_NFKB,0.002400728641077876
GSM1607914,-7.302306175231934,HALLMARK_HYPOXIA,0.9933706521987915,HALLMARK_COMPLEMENT,0.0021357310470193624,HALLMARK_OXIDATIVE_PHOSPHORYLATION,0.0011998619884252548
GSM1607915,-7.095017433166504,HALLMARK_HYPOXIA,0.9918051958084106,HALLMARK_COMPLEMENT,0.0027121242601424456,HALLMARK_OXIDATIVE_PHOSPHORYLATION,0.0018853687215596437
GSM1607916,-6.081165313720703,HALLMARK_HYPOXIA,0.9925938248634338,HALLMARK_COMPLEMENT,0.0022848693188279867,HALLMARK_OXIDATIVE_PHOSPHORYLATION,0.0013026318047195673
GSM1607917,-8.280771255493164,HALLMARK_HYPOXIA,0.9871742725372314,HALLMARK_COMPLEMENT,0.0043521844781935215,HALLMARK_TNFA_SIGNALING_VIA_NFKB,0.00209800130687654
GSM1607918,-8.473389625549316,HALLMARK_HYPOXIA,0.9761418700218201,HALLMARK_COMPLEMENT,0.007695378270000219,HALLMARK_TNFA_SIGNALING_VIA_NFKB,0.0066476305946707726
GSM1607919,-7.183539390563965,HALLMARK_HYPOXIA,0.9910904169082642,HALLMARK_COMPLEMENT,0.0032052933238446712,HALLMARK_TGF_BETA_SIGNALING,0.0014965124428272247
GSM1607920,-6.240149021148682,HALLMARK_HYPOXIA,0.9901952147483826,HALLMARK_TNFA_SIGNALING_VIA_NFKB,0.002409094711765647,HALLMARK_OXIDATIVE_PHOSPHORYLATION,0.002079388592392206
GSM1607921,-7.1970438957214355,HALLMARK_HYPOXIA,0.9891910552978516,HALLMARK_COMPLEMENT,0.0026702145114541054,HALLMARK_TNFA_SIGNALING_VIA_NFKB,0.0021156813018023968
GSM1607922,-7.075090408325195,HALLMARK_HYPOXIA,0.9913282990455627,HALLMARK_COMPLEMENT,0.0026131784543395042,HALLMARK_TNFA_SIGNALING_VIA_NFKB,0.0017245752969756722
GSM1607923,-5.889214515686035,HALLMARK_HYPOXIA,0.9908373355865479,HALLMARK_COMPLEMENT,0.0026985257863998413,HALLMARK_TNFA_SIGNALING_VIA_NFKB,0.00174095225520432
GSM1607924,-5.360650062561035,HALLMARK_HYPOXIA,0.991698145866394,HALLMARK_COMPLEMENT,0.002452095737680793,HALLMARK_OXIDATIVE_PHOSPHORYLATION,0.0015043421881273389
GSM1607925,-7.535710334777832,HALLMARK_HYPOXIA,0.9934346675872803,HALLMARK_COMPLEMENT,0.0020114516373723745,HALLMARK_TNFA_SIGNALING_VIA_NFKB,0.0009937349241226912
GSM1607926,-7.877658843994141,HALLMARK_HYPOXIA,0.9908728003501892,HALLMARK_COMPLEMENT,0.002475503832101822,HALLMARK_TNFA_SIGNALING_VIA_NFKB,0.0016558347269892693
GSM1607927,-7.100447654724121,HALLMARK_HYPOXIA,0.9845577478408813,HALLMARK_TNFA_SIGNALING_VIA_NFKB,0.005022421944886446,HALLMARK_COMPLEMENT,0.0033544946927577257
GSM1607928,-6.877519607543945,HALLMARK_HYPOXIA,0.9919986128807068,HALLMARK_COMPLEMENT,0.0025617035571485758,HALLMARK_TNFA_SIGNALING_VIA_NFKB,0.0011725279036909342
GSM1607929,-8.33446216583252,HALLMARK_HYPOXIA,0.9877415895462036,HALLMARK_COMPLEMENT,0.004297312814742327,HALLMARK_OXIDATIVE_PHOSPHORYLATION,0.002253266517072916
GSM1607930,-6.207479476928711,HALLMARK_HYPOXIA,0.9904739260673523,HALLMARK_COMPLEMENT,0.0029225083999335766,HALLMARK_OXIDATIVE_PHOSPHORYLATION,0.0017424661200493574
GSM1607931,-7.001164436340332,HALLMARK_HYPOXIA,0.986644446849823,HALLMARK_TNFA_SIGNALING_VIA_NFKB,0.002733259228989482,HALLMARK_COMPLEMENT,0.0026648074854165316
GSM1607932,-7.242559432983398,HALLMARK_HYPOXIA,0.986979603767395,HALLMARK_COMPLEMENT,0.004685128573328257,HALLMARK_TNFA_SIGNALING_VIA_NFKB,0.002137391595169902
GSM1607933,-8.488367080688477,HALLMARK_HYPOXIA,0.9909788370132446,HALLMARK_COMPLEMENT,0.0021983925253152847,HALLMARK_TNFA_SIGNALING_VIA_NFKB,0.0017243570182472467
GSM1607934,-7.151069641113281,HALLMARK_HYPOXIA,0.9900926947593689,HALLMARK_COMPLEMENT,0.0026652710512280464,HALLMARK_TNFA_SIGNALING_VIA_NFKB,0.0021809518802911043
GSM1607935,-8.4193115234375,HALLMARK_HYPOXIA,0.9863237142562866,HALLMARK_COMPLEMENT,0.005400418769568205,HALLMARK_OXIDATIVE_PHOSPHORYLATION,0.002725636586546898
GSM1607936,-6.15704345703125,HALLMARK_HYPOXIA,0.9919918179512024,HALLMARK_COMPLEMENT,0.0026796769816428423,HALLMARK_OXIDATIVE_PHOSPHORYLATION,0.0014699453022331
GSM1607937,-5.781294822692871,HALLMARK_HYPOXIA,0.992159903049469,HALLMARK_COMPLEMENT,0.0023929711896926165,HALLMARK_TGF_BETA_SIGNALING,0.0013535601319745183
GSM1607938,-7.735537528991699,HALLMARK_HYPOXIA,0.9824408888816833,HALLMARK_COMPLEMENT,0.0062291487120091915,HALLMARK_TNFA_SIGNALING_VIA_NFKB,0.0035609351471066475
GSM1607939,-7.332965850830078,HALLMARK_HYPOXIA,0.9920380115509033,HALLMARK_COMPLEMENT,0.0020481927786022425,HALLMARK_TNFA_SIGNALING_VIA_NFKB,0.0015566516667604446
GSM1607940,-6.061675071716309,HALLMARK_HYPOXIA,0.9891058802604675,HALLMARK_COMPLEMENT,0.0028683680575340986,HALLMARK_OXIDATIVE_PHOSPHORYLATION,0.0019857818260788918
GSM1607941,-7.386567115783691,HALLMARK_HYPOXIA,0.985731303691864,HALLMARK_TNFA_SIGNALING_VIA_NFKB,0.0037498294841498137,HALLMARK_COMPLEMENT,0.003107191529124975
GSM1607942,-6.509500980377197,HALLMARK_HYPOXIA,0.994695246219635,HALLMARK_COMPLEMENT,0.0015201116912066936,HALLMARK_TGF_BETA_SIGNALING,0.0007576235220767558
GSM1607943,-6.62598991394043,HALLMARK_HYPOXIA,0.9901262521743774,HALLMARK_COMPLEMENT,0.002991503570228815,HALLMARK_OXIDATIVE_PHOSPHORYLATION,0.0015543837798759341
GSM1607944,-8.824119567871094,HALLMARK_HYPOXIA,0.9918286204338074,HALLMARK_COMPLEMENT,0.0024386222939938307,HALLMARK_OXIDATIVE_PHOSPHORYLATION,0.0014564802404493093
GSM1607945,-6.738834857940674,HALLMARK_HYPOXIA,0.9883069396018982,HALLMARK_COMPLEMENT,0.0026224239263683558,HALLMARK_TNFA_SIGNALING_VIA_NFKB,0.0021249111741781235
GSM1607946,-6.813484191894531,HALLMARK_HYPOXIA,0.9920893907546997,HALLMARK_COMPLEMENT,0.002271961187943816,HALLMARK_TGF_BETA_SIGNALING,0.001459748949855566
GSM1607947,-8.88109302520752,HALLMARK_HYPOXIA,0.9880053400993347,HALLMARK_COMPLEMENT,0.005430229473859072,HALLMARK_OXIDATIVE_PHOSPHORYLATION,0.0015840122941881418
GSM1607948,-7.155370712280273,HALLMARK_HYPOXIA,0.9914634823799133,HALLMARK_COMPLEMENT,0.002887704409658909,HALLMARK_OXIDATIVE_PHOSPHORYLATION,0.0018804246792569757
GSM1607949,-7.431683540344238,HALLMARK_HYPOXIA,0.9905605912208557,HALLMARK_COMPLEMENT,0.003467981470748782,HALLMARK_TGF_BETA_SIGNALING,0.0013565580593422055
GSM1607950,-8.198213577270508,HALLMARK_HYPOXIA,0.9879134297370911,HALLMARK_COMPLEMENT,0.0042856172658503056,HALLMARK_TGF_BETA_SIGNALING,0.0018440850544720888
GSM1607951,-6.603061199188232,HALLMARK_HYPOXIA,0.9881366491317749,HALLMARK_COMPLEMENT,0.0031800302676856518,HALLMARK_TNFA_SIGNALING_VIA_NFKB,0.0027517827693372965
GSM1607952,-8.645212173461914,HALLMARK_HYPOXIA,0.9876670837402344,HALLMARK_COMPLEMENT,0.003774341894313693,HALLMARK_TNFA_SIGNALING_VIA_NFKB,0.002410236746072769
GSM1607953,-6.856124401092529,HALLMARK_HYPOXIA,0.9931689500808716,HALLMARK_COMPLEMENT,0.001766286208294332,HALLMARK_OXIDATIVE_PHOSPHORYLATION,0.0011900949757546186
