patient_id,sex,chrom,pos,ref,alt,gene,consequence,variant_type,vaf,qual,depth
MOCK_001,F,chr4,186627644,CAG,C,FAT1,frameshift,INDEL,0.6365564372565982,77.41266863542307,223
MOCK_001,F,chr17,7577120,C,T,TP53,missense,SNV,0.7028145949544959,95.05423008506801,321
MOCK_001,F,chr17,7577548,C,T,TP53,missense,SNV,0.5569183024636863,79.06762074685386,134
MOCK_002,F,chr4,186627644,CAG,C,FAT1,frameshift,INDEL,0.48295424416497335,62.02076513443361,219
MOCK_002,F,chr4,186627650,G,GA,FAT1,frameshift,INDEL,0.6749886773209177,68.01578660841074,124
MOCK_003,F,chr4,186627644,CAG,C,FAT1,frameshift,INDEL,0.22059853196903562,87.96247344803447,398
MOCK_003,F,chr4,186627650,G,GA,FAT1,frameshift,INDEL,0.23037589345346052,51.17145837227179,397
MOCK_004,F,chr4,186627644,CAG,C,FAT1,frameshift,INDEL,0.6598666276750522,80.55048402663886,356
MOCK_004,F,chr17,7577120,C,T,TP53,missense,SNV,0.49728898114201353,93.95830667446931,481
MOCK_004,F,chr2,201234567,G,A,CASP8,missense,SNV,0.5614861488057201,96.91866889777884,132
MOCK_005,F,chr4,186627644,CAG,C,FAT1,frameshift,INDEL,0.3970261606442289,86.32736563613022,359
MOCK_005,F,chr4,186627650,G,GA,FAT1,frameshift,INDEL,0.4230756666154545,91.99253830493053,486
MOCK_005,F,chr17,7577548,C,T,TP53,missense,SNV,0.5710022778168751,79.43702268910141,394
MOCK_005,F,chr2,201234567,G,A,CASP8,missense,SNV,0.35500367282949563,77.69026903996539,281
MOCK_005,F,chr17,7577120,C,T,TP53,missense,SNV,0.7179535390612148,71.20791148592693,141
MOCK_006,M,chr2,201234567,G,A,CASP8,missense,SNV,0.407627039581957,80.77268051325078,158
MOCK_006,M,chr4,186627644,CAG,C,FAT1,frameshift,INDEL,0.6335633410450887,81.03014626880449,451
MOCK_006,M,chr4,186627650,G,GA,FAT1,frameshift,INDEL,0.5808355376367056,57.862199786771924,221
MOCK_006,M,chr17,7577120,C,T,TP53,missense,SNV,0.3399470878424362,92.30862833139437,119
MOCK_007,M,chr17,7577120,C,T,TP53,missense,SNV,0.4729979967270805,72.69751728323362,192
MOCK_007,M,chr2,201234567,G,A,CASP8,missense,SNV,0.32604579702302705,61.41276429865549,255
MOCK_007,M,chr4,186627650,G,GA,FAT1,frameshift,INDEL,0.5529711602334157,94.25568433133557,129
MOCK_008,M,chr4,186627650,G,GA,FAT1,frameshift,INDEL,0.33490585262071537,88.91573370868572,115
MOCK_008,M,chr4,186627644,CAG,C,FAT1,frameshift,INDEL,0.5602709715785416,91.23376031164386,273
MOCK_008,M,chr17,7577120,C,T,TP53,missense,SNV,0.2864887963218734,67.17664313776152,355
MOCK_009,M,chr4,186627644,CAG,C,FAT1,frameshift,INDEL,0.6997957446242311,86.75134626564184,114
MOCK_009,M,chr17,7577120,C,T,TP53,missense,SNV,0.3314408151423758,92.80718889218008,417
MOCK_010,M,chr4,186627644,CAG,C,FAT1,frameshift,INDEL,0.23460636578793864,56.01269074873019,110
MOCK_010,M,chr17,7577120,C,T,TP53,missense,SNV,0.6864298251859874,56.506776761648865,222
MOCK_010,M,chr17,7577548,C,T,TP53,missense,SNV,0.6731698042001533,79.55572966745221,101
MOCK_011,M,chr4,186627650,G,GA,FAT1,frameshift,INDEL,0.5915416951066156,83.33938826890409,230
MOCK_011,M,chr2,201234567,G,A,CASP8,missense,SNV,0.2753039382255352,78.82808876749034,229
MOCK_011,M,chr17,7577548,C,T,TP53,missense,SNV,0.7177580573405864,66.80318285289866,283
MOCK_011,M,chr4,186627644,CAG,C,FAT1,frameshift,INDEL,0.7070868990047725,87.24343384564673,387
MOCK_012,M,chr2,201234567,G,A,CASP8,missense,SNV,0.3294906844504958,80.62878742174912,494
MOCK_012,M,chr4,186627650,G,GA,FAT1,frameshift,INDEL,0.6769958655648766,60.014346960845884,457
MOCK_012,M,chr4,186627644,CAG,C,FAT1,frameshift,INDEL,0.3948217749429207,84.15536889248979,172
MOCK_013,M,chr17,7577120,C,T,TP53,missense,SNV,0.7929458355294512,86.35008423464652,154
MOCK_013,M,chr4,186627650,G,GA,FAT1,frameshift,INDEL,0.6809893732324148,74.87360737231145,238
MOCK_013,M,chr17,7577548,C,T,TP53,missense,SNV,0.5379816818787663,90.35883783601236,458
MOCK_014,M,chr17,7577548,C,T,TP53,missense,SNV,0.49689048454694323,86.48532176208911,434
MOCK_014,M,chr4,186627650,G,GA,FAT1,frameshift,INDEL,0.4041933574743732,50.57323674261344,231
MOCK_015,M,chr17,7577120,C,T,TP53,missense,SNV,0.7556754025123353,90.1632170141427,168
MOCK_015,M,chr2,201234567,G,A,CASP8,missense,SNV,0.41737338438116306,51.199737049335084,440
MOCK_015,M,chr4,186627644,CAG,C,FAT1,frameshift,INDEL,0.6199336417328036,96.56523374693894,266
MOCK_015,M,chr4,186627650,G,GA,FAT1,frameshift,INDEL,0.6497731046488945,68.5603920958625,495
MOCK_015,M,chr17,7577548,C,T,TP53,missense,SNV,0.2836941842132662,77.92594304665903,255
MOCK_016,M,chr4,186627644,CAG,C,FAT1,frameshift,INDEL,0.527559690375919,56.361741630729426,302
MOCK_016,M,chr2,201234567,G,A,CASP8,missense,SNV,0.7625270141407132,70.48532011410083,102
MOCK_016,M,chr17,7577548,C,T,TP53,missense,SNV,0.2878159362633409,68.98647046857828,268
MOCK_017,M,chr17,7577548,C,T,TP53,missense,SNV,0.6012862101299613,57.56976080683503,347
MOCK_017,M,chr4,186627650,G,GA,FAT1,frameshift,INDEL,0.5548344459052652,59.07628319401606,473
MOCK_018,M,chr17,7577548,C,T,TP53,missense,SNV,0.3936606993184856,51.17268351035937,208
MOCK_018,M,chr2,201234567,G,A,CASP8,missense,SNV,0.2138858019116113,70.85410169641976,278
MOCK_018,M,chr4,186627644,CAG,C,FAT1,frameshift,INDEL,0.3385305688731607,98.0166461801258,253
MOCK_018,M,chr4,186627650,G,GA,FAT1,frameshift,INDEL,0.6732516375193895,82.70562954947957,274
MOCK_018,M,chr17,7577120,C,T,TP53,missense,SNV,0.3733378655216506,57.876744923816325,419
MOCK_019,M,chr4,186627650,G,GA,FAT1,frameshift,INDEL,0.21038550912589973,75.57377601556612,206
MOCK_019,M,chr17,7577120,C,T,TP53,missense,SNV,0.7726699936220565,96.19625549941529,142
MOCK_020,M,chr17,7577120,C,T,TP53,missense,SNV,0.7182434629581336,97.40382472600129,100
MOCK_020,M,chr4,186627650,G,GA,FAT1,frameshift,INDEL,0.7815754991314616,99.24558800909513,212
MOCK_020,M,chr4,186627644,CAG,C,FAT1,frameshift,INDEL,0.4052565600880662,74.87486691231588,294
MOCK_020,M,chr17,7577548,C,T,TP53,missense,SNV,0.3230605550372422,63.444963492452615,470
