patient_id,sex,chrom,pos,ref,alt,gene,consequence,variant_type,vaf,qual,depth,position,reference,alternative,gene_symbol,delta_score,prediction,classification_confidence,classification_source,population_frequency,acmg_evidence,literature_context
MOCK_001,F,chr4,186627644,AGG,C,FAT1,frameshift,INDEL,0.6365564372565982,77.41266863542307,223,186627644,AGG,C,FAT1,-4.762411117553711e-05,Likely benign,0.9651408195495605,Evo2_AI,"{'gnomad_af': None, 'gnomad_max_pop_af': None, 'source': 'gnomAD v4.1', 'is_common_variant': False, 'frequency_classification': None}","{'code': 'None', 'strength': 'None', 'description': 'Computational evidence is inconclusive', 'clinical_note': 'Evo2-7B prediction: delta_score=-0.0000. Score is in the uncertain range and does not provide strong evidence in either direction.'}","{'summary': 'FAT1 is a tumor suppressor gene that encodes a protocadherin protein involved in cell-cell adhesion and signaling, with mutations in FAT1 associated with various cancers, including head and neck squamous cell carcinomas (HNSCC) and small cell lung cancer (SCLC). FAT1 mutations have been linked to oncogenic roles, promoting cancer cell migration and invasion, and have been identified as a tumor mutation burden (TMB) specific gene that affects the immunotherapy effect in HNSCC. Alterations in FAT1 have been correlated with poor prognosis and may serve as a potential biomarker for predicting response to immunotherapy in cancer patients.', 'pubmed_ids': ['38181741', '25631445', '38986165', '30224757', '33328637'], 'gene_function': None, 'articles_found': 5}"
MOCK_001,F,chr17,7577120,G,T,TP53,missense,SNV,0.7028145949544959,95.054230085068,321,7577120,G,T,TP53,-0.0007470846176147461,Likely benign,0.1893923580646515,Evo2_AI,"{'gnomad_af': None, 'gnomad_max_pop_af': None, 'source': 'gnomAD v4.1', 'is_common_variant': False, 'frequency_classification': None}","{'code': 'None', 'strength': 'None', 'description': 'Computational evidence is inconclusive', 'clinical_note': 'Evo2-7B prediction: delta_score=-0.0007. Score is in the uncertain range and does not provide strong evidence in either direction.'}","{'summary': ""TP53 encodes a tumor suppressor protein that acts as a transcription factor, regulating cell-cycle control, DNA repair, senescence, autophagy, and apoptosis. Mutations in TP53 are associated with a high frequency of human cancers, with missense mutations being the most common type, and specific allelic variants exhibiting dominant-negative or gain-of-function activities. The gene's dysfunction is linked to cancer formation, and its variants have also been implicated in fertility, aging, longevity, and environmental adaptation, highlighting its critical role in maintaining genomic stability and preventing disease."", 'pubmed_ids': ['30224644', '29979965', '36766853', '27328919', '31395785'], 'gene_function': 'Unlike most tumor suppressor genes, the most common genetic alterations in tumor protein p53 (TP53) are missense mutations<sup>1,2</sup>', 'articles_found': 5}"
MOCK_001,F,chr17,7577548,T,T,TP53,missense,SNV,0.5569183024636863,79.06762074685386,134,7577548,T,T,TP53,0.0,Likely benign,1.0,Evo2_AI,"{'gnomad_af': None, 'gnomad_max_pop_af': None, 'source': 'gnomAD v4.1', 'is_common_variant': False, 'frequency_classification': None}","{'code': 'None', 'strength': 'None', 'description': 'Computational evidence is inconclusive', 'clinical_note': 'Evo2-7B prediction: delta_score=0.0000. Score is in the uncertain range and does not provide strong evidence in either direction.'}","{'summary': ""TP53 encodes a tumor suppressor protein that acts as a transcription factor, regulating cell-cycle control, DNA repair, senescence, autophagy, and apoptosis. Mutations in TP53 are associated with a high frequency of human cancers, with missense mutations being the most common type, and specific allelic variants exhibiting dominant-negative or gain-of-function activities. The gene's mutation spectrum has been linked to cancer development and progression, with certain variants showing differential functional impact, highlighting the importance of TP53 in cancer formation and its potential role in adaptation, aging, and longevity."", 'pubmed_ids': ['30224644', '29979965', '36766853', '27328919', '31395785'], 'gene_function': 'Unlike most tumor suppressor genes, the most common genetic alterations in tumor protein p53 (TP53) are missense mutations<sup>1,2</sup>', 'articles_found': 5}"
MOCK_002,F,chr4,186627644,AGG,C,FAT1,frameshift,INDEL,0.4829542441649733,62.02076513443361,219,186627644,AGG,C,FAT1,-4.762411117553711e-05,Likely benign,0.9651408195495605,Evo2_AI,"{'gnomad_af': None, 'gnomad_max_pop_af': None, 'source': 'gnomAD v4.1', 'is_common_variant': False, 'frequency_classification': None}","{'code': 'None', 'strength': 'None', 'description': 'Computational evidence is inconclusive', 'clinical_note': 'Evo2-7B prediction: delta_score=-0.0000. Score is in the uncertain range and does not provide strong evidence in either direction.'}","{'summary': 'FAT1 is a tumor suppressor gene that encodes a protocadherin protein involved in cell-cell adhesion and signaling, with mutations in FAT1 associated with various cancers, including head and neck squamous cell carcinomas (HNSCC) and small cell lung cancer (SCLC). FAT1 mutations have been linked to oncogenic roles, promoting cancer cell migration and invasion, and have been identified as a tumor mutation burden (TMB) specific gene that affects the immunotherapy effect in HNSCC. Alterations in FAT1 have been correlated with poor prognosis and may serve as a potential biomarker for predicting response to immunotherapy in cancer patients.', 'pubmed_ids': ['38181741', '25631445', '38986165', '30224757', '33328637'], 'gene_function': None, 'articles_found': 5}"
MOCK_002,F,chr4,186627650,A,GA,FAT1,frameshift,INDEL,0.6749886773209177,68.01578660841074,124,186627650,A,GA,FAT1,-0.00021338462829589844,Likely benign,0.7813013195991516,Evo2_AI,"{'gnomad_af': None, 'gnomad_max_pop_af': None, 'source': 'gnomAD v4.1', 'is_common_variant': False, 'frequency_classification': None}","{'code': 'None', 'strength': 'None', 'description': 'Computational evidence is inconclusive', 'clinical_note': 'Evo2-7B prediction: delta_score=-0.0002. Score is in the uncertain range and does not provide strong evidence in either direction.'}","{'summary': 'FAT1 is a tumor suppressor gene that encodes a protocadherin-like protein involved in cell-cell adhesion and signaling, with mutations in FAT1 associated with various cancers, including head and neck squamous cell carcinomas (HNSCC) and small cell lung cancer (SCLC). FAT1 mutations have been linked to oncogenic roles, promoting cancer cell migration and invasion, and have been identified as a tumor mutation burden (TMB) specific gene that affects the immunotherapy effect in HNSCC. Alterations in FAT1 have been correlated with poor prognosis and may serve as a potential biomarker for predicting response to immunotherapy in cancer patients.', 'pubmed_ids': ['38181741', '25631445', '38986165', '30224757', '33328637'], 'gene_function': None, 'articles_found': 5}"
MOCK_003,F,chr4,186627644,AGG,C,FAT1,frameshift,INDEL,0.2205985319690356,87.96247344803447,398,186627644,AGG,C,FAT1,-4.762411117553711e-05,Likely benign,0.9651408195495605,Evo2_AI,"{'gnomad_af': None, 'gnomad_max_pop_af': None, 'source': 'gnomAD v4.1', 'is_common_variant': False, 'frequency_classification': None}","{'code': 'None', 'strength': 'None', 'description': 'Computational evidence is inconclusive', 'clinical_note': 'Evo2-7B prediction: delta_score=-0.0000. Score is in the uncertain range and does not provide strong evidence in either direction.'}","{'summary': 'FAT1 is a tumor suppressor gene that encodes a protocadherin protein involved in cell-cell adhesion and signaling, with mutations in FAT1 associated with various cancers, including head and neck squamous cell carcinomas (HNSCC) and small cell lung cancer (SCLC). FAT1 mutations have been linked to oncogenic roles, promoting cancer cell migration and invasion, and have been identified as a tumor mutation burden (TMB) specific gene that affects the immunotherapy effect in HNSCC. Alterations in FAT1 have been correlated with poor prognosis and may serve as a potential biomarker for predicting response to immunotherapy in cancer patients.', 'pubmed_ids': ['38181741', '25631445', '38986165', '30224757', '33328637'], 'gene_function': None, 'articles_found': 5}"
MOCK_003,F,chr4,186627650,A,GA,FAT1,frameshift,INDEL,0.2303758934534605,51.17145837227179,397,186627650,A,GA,FAT1,-0.00021338462829589844,Likely benign,0.7813013195991516,Evo2_AI,"{'gnomad_af': None, 'gnomad_max_pop_af': None, 'source': 'gnomAD v4.1', 'is_common_variant': False, 'frequency_classification': None}","{'code': 'None', 'strength': 'None', 'description': 'Computational evidence is inconclusive', 'clinical_note': 'Evo2-7B prediction: delta_score=-0.0002. Score is in the uncertain range and does not provide strong evidence in either direction.'}","{'summary': 'FAT1 is a tumor suppressor gene that encodes a protocadherin-like protein involved in cell-cell adhesion and signaling, with mutations in FAT1 associated with various cancers, including head and neck squamous cell carcinomas (HNSCC) and small cell lung cancer (SCLC). FAT1 mutations have been linked to oncogenic roles, promoting cancer cell migration and invasion, and have been identified as a tumor mutation burden (TMB) specific gene that affects the immunotherapy effect in HNSCC. Alterations in FAT1 have been correlated with poor prognosis and may serve as a potential biomarker for predicting response to immunotherapy in cancer patients.', 'pubmed_ids': ['38181741', '25631445', '38986165', '30224757', '33328637'], 'gene_function': None, 'articles_found': 5}"
MOCK_004,F,chr4,186627644,AGG,C,FAT1,frameshift,INDEL,0.6598666276750522,80.55048402663886,356,186627644,AGG,C,FAT1,-4.762411117553711e-05,Likely benign,0.9651408195495605,Evo2_AI,"{'gnomad_af': None, 'gnomad_max_pop_af': None, 'source': 'gnomAD v4.1', 'is_common_variant': False, 'frequency_classification': None}","{'code': 'None', 'strength': 'None', 'description': 'Computational evidence is inconclusive', 'clinical_note': 'Evo2-7B prediction: delta_score=-0.0000. Score is in the uncertain range and does not provide strong evidence in either direction.'}","{'summary': 'FAT1 is a tumor suppressor gene that encodes a protocadherin protein involved in cell-cell adhesion and signaling, with mutations in FAT1 associated with various cancers, including head and neck squamous cell carcinomas (HNSCC) and small cell lung cancer (SCLC). FAT1 mutations have been linked to oncogenic roles, promoting cancer cell migration and invasion, and have been identified as a tumor mutation burden (TMB) specific gene that affects the immunotherapy effect in HNSCC. Alterations in FAT1 have been correlated with poor prognosis and may serve as a potential biomarker for predicting response to immunotherapy in cancer patients.', 'pubmed_ids': ['38181741', '25631445', '38986165', '30224757', '33328637'], 'gene_function': None, 'articles_found': 5}"
MOCK_004,F,chr17,7577120,G,T,TP53,missense,SNV,0.4972889811420135,93.95830667446933,481,7577120,G,T,TP53,-0.0007470846176147461,Likely benign,0.1893923580646515,Evo2_AI,"{'gnomad_af': None, 'gnomad_max_pop_af': None, 'source': 'gnomAD v4.1', 'is_common_variant': False, 'frequency_classification': None}","{'code': 'None', 'strength': 'None', 'description': 'Computational evidence is inconclusive', 'clinical_note': 'Evo2-7B prediction: delta_score=-0.0007. Score is in the uncertain range and does not provide strong evidence in either direction.'}","{'summary': ""TP53 encodes a tumor suppressor protein that acts as a transcription factor, regulating cell-cycle control, DNA repair, senescence, autophagy, and apoptosis. Mutations in TP53 are associated with a high frequency of human cancers, with missense mutations being the most common type, and specific allelic variants exhibiting dominant-negative or gain-of-function activities. The gene's dysfunction is linked to cancer formation, and its variants have also been implicated in fertility, aging, longevity, and environmental adaptation, highlighting its critical role in maintaining genomic stability and preventing disease."", 'pubmed_ids': ['30224644', '29979965', '36766853', '27328919', '31395785'], 'gene_function': 'Unlike most tumor suppressor genes, the most common genetic alterations in tumor protein p53 (TP53) are missense mutations<sup>1,2</sup>', 'articles_found': 5}"
MOCK_004,F,chr2,201234567,A,A,CASP8,missense,SNV,0.5614861488057201,96.91866889777884,132,201234567,A,A,CASP8,0.0,Likely benign,1.0,Evo2_AI,"{'gnomad_af': None, 'gnomad_max_pop_af': None, 'source': 'gnomAD v4.1', 'is_common_variant': False, 'frequency_classification': None}","{'code': 'None', 'strength': 'None', 'description': 'Computational evidence is inconclusive', 'clinical_note': 'Evo2-7B prediction: delta_score=0.0000. Score is in the uncertain range and does not provide strong evidence in either direction.'}","{'summary': 'CASP8 functions as an initiator caspase of extrinsic apoptosis, inhibiting necroptosis and pyroptosis, with deficiency or enzymatically inactive mutations leading to embryonic lethality, necroptosis, and pyroptosis. CASP8 is associated with various cancers, including head and neck squamous cell carcinomas, where its expression and activity may influence tumor immune evasion and cytolytic activity. Alterations in CASP8 have been implicated in the regulation of apoptosis and necroptosis in cancer cells, highlighting its potential as a therapeutic target for modulating tumor immunity and cell death pathways.', 'pubmed_ids': ['25631445', '25594174', '31748744', '28112728', '31827280'], 'gene_function': 'The Cancer Genome Atlas profiled 279 head and neck squamous cell carcinomas (HNSCCs) to provide a comprehensive landscape of somatic genomic alterations', 'articles_found': 5}"
MOCK_005,F,chr4,186627644,AGG,C,FAT1,frameshift,INDEL,0.3970261606442289,86.32736563613022,359,186627644,AGG,C,FAT1,-4.762411117553711e-05,Likely benign,0.9651408195495605,Evo2_AI,"{'gnomad_af': None, 'gnomad_max_pop_af': None, 'source': 'gnomAD v4.1', 'is_common_variant': False, 'frequency_classification': None}","{'code': 'None', 'strength': 'None', 'description': 'Computational evidence is inconclusive', 'clinical_note': 'Evo2-7B prediction: delta_score=-0.0000. Score is in the uncertain range and does not provide strong evidence in either direction.'}","{'summary': 'FAT1 is a tumor suppressor gene that encodes a protocadherin protein involved in cell-cell adhesion and signaling, with mutations in FAT1 associated with various cancers, including head and neck squamous cell carcinomas (HNSCC) and small cell lung cancer (SCLC). FAT1 mutations have been linked to oncogenic roles, promoting cancer cell migration and invasion, and have been identified as a tumor mutation burden (TMB) specific gene that affects the immunotherapy effect in HNSCC. Alterations in FAT1 have been correlated with poor prognosis and may serve as a potential biomarker for predicting response to immunotherapy in cancer patients.', 'pubmed_ids': ['38181741', '25631445', '38986165', '30224757', '33328637'], 'gene_function': None, 'articles_found': 5}"
MOCK_005,F,chr4,186627650,A,GA,FAT1,frameshift,INDEL,0.4230756666154545,91.99253830493052,486,186627650,A,GA,FAT1,-0.00021338462829589844,Likely benign,0.7813013195991516,Evo2_AI,"{'gnomad_af': None, 'gnomad_max_pop_af': None, 'source': 'gnomAD v4.1', 'is_common_variant': False, 'frequency_classification': None}","{'code': 'None', 'strength': 'None', 'description': 'Computational evidence is inconclusive', 'clinical_note': 'Evo2-7B prediction: delta_score=-0.0002. Score is in the uncertain range and does not provide strong evidence in either direction.'}","{'summary': 'FAT1 is a tumor suppressor gene that encodes a protocadherin-like protein involved in cell-cell adhesion and signaling, with mutations in FAT1 associated with various cancers, including head and neck squamous cell carcinomas (HNSCC) and small cell lung cancer (SCLC). FAT1 mutations have been linked to oncogenic roles, promoting cancer cell migration and invasion, and have been identified as a tumor mutation burden (TMB) specific gene that affects the immunotherapy effect in HNSCC. Alterations in FAT1 have been correlated with poor prognosis and may serve as a potential biomarker for predicting response to immunotherapy in cancer patients.', 'pubmed_ids': ['38181741', '25631445', '38986165', '30224757', '33328637'], 'gene_function': None, 'articles_found': 5}"
MOCK_005,F,chr17,7577548,T,T,TP53,missense,SNV,0.5710022778168751,79.43702268910141,394,7577548,T,T,TP53,0.0,Likely benign,1.0,Evo2_AI,"{'gnomad_af': None, 'gnomad_max_pop_af': None, 'source': 'gnomAD v4.1', 'is_common_variant': False, 'frequency_classification': None}","{'code': 'None', 'strength': 'None', 'description': 'Computational evidence is inconclusive', 'clinical_note': 'Evo2-7B prediction: delta_score=0.0000. Score is in the uncertain range and does not provide strong evidence in either direction.'}","{'summary': ""TP53 encodes a tumor suppressor protein that acts as a transcription factor, regulating cell-cycle control, DNA repair, senescence, autophagy, and apoptosis. Mutations in TP53 are associated with a high frequency of human cancers, with missense mutations being the most common type, and specific allelic variants exhibiting dominant-negative or gain-of-function activities. The gene's mutation spectrum has been linked to cancer development and progression, with certain variants showing differential functional impact, highlighting the importance of TP53 in cancer formation and its potential role in adaptation, aging, and longevity."", 'pubmed_ids': ['30224644', '29979965', '36766853', '27328919', '31395785'], 'gene_function': 'Unlike most tumor suppressor genes, the most common genetic alterations in tumor protein p53 (TP53) are missense mutations<sup>1,2</sup>', 'articles_found': 5}"
MOCK_005,F,chr2,201234567,A,A,CASP8,missense,SNV,0.3550036728294956,77.69026903996539,281,201234567,A,A,CASP8,0.0,Likely benign,1.0,Evo2_AI,"{'gnomad_af': None, 'gnomad_max_pop_af': None, 'source': 'gnomAD v4.1', 'is_common_variant': False, 'frequency_classification': None}","{'code': 'None', 'strength': 'None', 'description': 'Computational evidence is inconclusive', 'clinical_note': 'Evo2-7B prediction: delta_score=0.0000. Score is in the uncertain range and does not provide strong evidence in either direction.'}","{'summary': 'CASP8 functions as an initiator caspase of extrinsic apoptosis, inhibiting necroptosis and pyroptosis, with deficiency or enzymatically inactive mutations leading to embryonic lethality, necroptosis, and pyroptosis. CASP8 is associated with various cancers, including head and neck squamous cell carcinomas, where its expression and activity may influence tumor immune evasion and cytolytic activity. Alterations in CASP8 have been implicated in the regulation of apoptosis and necroptosis in cancer cells, highlighting its potential as a therapeutic target for modulating tumor immunity and cell death pathways.', 'pubmed_ids': ['25631445', '25594174', '31748744', '28112728', '31827280'], 'gene_function': 'The Cancer Genome Atlas profiled 279 head and neck squamous cell carcinomas (HNSCCs) to provide a comprehensive landscape of somatic genomic alterations', 'articles_found': 5}"
MOCK_005,F,chr17,7577120,G,T,TP53,missense,SNV,0.7179535390612148,71.20791148592693,141,7577120,G,T,TP53,-0.0007470846176147461,Likely benign,0.1893923580646515,Evo2_AI,"{'gnomad_af': None, 'gnomad_max_pop_af': None, 'source': 'gnomAD v4.1', 'is_common_variant': False, 'frequency_classification': None}","{'code': 'None', 'strength': 'None', 'description': 'Computational evidence is inconclusive', 'clinical_note': 'Evo2-7B prediction: delta_score=-0.0007. Score is in the uncertain range and does not provide strong evidence in either direction.'}","{'summary': ""TP53 encodes a tumor suppressor protein that acts as a transcription factor, regulating cell-cycle control, DNA repair, senescence, autophagy, and apoptosis. Mutations in TP53 are associated with a high frequency of human cancers, with missense mutations being the most common type, and specific allelic variants exhibiting dominant-negative or gain-of-function activities. The gene's dysfunction is linked to cancer formation, and its variants have also been implicated in fertility, aging, longevity, and environmental adaptation, highlighting its critical role in maintaining genomic stability and preventing disease."", 'pubmed_ids': ['30224644', '29979965', '36766853', '27328919', '31395785'], 'gene_function': 'Unlike most tumor suppressor genes, the most common genetic alterations in tumor protein p53 (TP53) are missense mutations<sup>1,2</sup>', 'articles_found': 5}"
MOCK_006,M,chr2,201234567,A,A,CASP8,missense,SNV,0.407627039581957,80.77268051325078,158,201234567,A,A,CASP8,0.0,Likely benign,1.0,Evo2_AI,"{'gnomad_af': None, 'gnomad_max_pop_af': None, 'source': 'gnomAD v4.1', 'is_common_variant': False, 'frequency_classification': None}","{'code': 'None', 'strength': 'None', 'description': 'Computational evidence is inconclusive', 'clinical_note': 'Evo2-7B prediction: delta_score=0.0000. Score is in the uncertain range and does not provide strong evidence in either direction.'}","{'summary': 'CASP8 functions as an initiator caspase of extrinsic apoptosis, inhibiting necroptosis and pyroptosis, with deficiency or enzymatically inactive mutations leading to embryonic lethality, necroptosis, and pyroptosis. CASP8 is associated with various cancers, including head and neck squamous cell carcinomas, where its expression and activity may influence tumor immune evasion and cytolytic activity. Alterations in CASP8 have been implicated in the regulation of apoptosis and necroptosis in cancer cells, highlighting its potential as a therapeutic target for modulating tumor immunity and cell death pathways.', 'pubmed_ids': ['25631445', '25594174', '31748744', '28112728', '31827280'], 'gene_function': 'The Cancer Genome Atlas profiled 279 head and neck squamous cell carcinomas (HNSCCs) to provide a comprehensive landscape of somatic genomic alterations', 'articles_found': 5}"
MOCK_006,M,chr4,186627644,AGG,C,FAT1,frameshift,INDEL,0.6335633410450887,81.03014626880449,451,186627644,AGG,C,FAT1,-4.762411117553711e-05,Likely benign,0.9651408195495605,Evo2_AI,"{'gnomad_af': None, 'gnomad_max_pop_af': None, 'source': 'gnomAD v4.1', 'is_common_variant': False, 'frequency_classification': None}","{'code': 'None', 'strength': 'None', 'description': 'Computational evidence is inconclusive', 'clinical_note': 'Evo2-7B prediction: delta_score=-0.0000. Score is in the uncertain range and does not provide strong evidence in either direction.'}","{'summary': 'FAT1 is a tumor suppressor gene that encodes a protocadherin protein involved in cell-cell adhesion and signaling, with mutations in FAT1 associated with various cancers, including head and neck squamous cell carcinomas (HNSCC) and small cell lung cancer (SCLC). FAT1 mutations have been linked to oncogenic roles, promoting cancer cell migration and invasion, and have been identified as a tumor mutation burden (TMB) specific gene that affects the immunotherapy effect in HNSCC. Alterations in FAT1 have been correlated with poor prognosis and may serve as a potential biomarker for predicting response to immunotherapy in cancer patients.', 'pubmed_ids': ['38181741', '25631445', '38986165', '30224757', '33328637'], 'gene_function': None, 'articles_found': 5}"
MOCK_006,M,chr4,186627650,A,GA,FAT1,frameshift,INDEL,0.5808355376367056,57.86219978677192,221,186627650,A,GA,FAT1,-0.00021338462829589844,Likely benign,0.7813013195991516,Evo2_AI,"{'gnomad_af': None, 'gnomad_max_pop_af': None, 'source': 'gnomAD v4.1', 'is_common_variant': False, 'frequency_classification': None}","{'code': 'None', 'strength': 'None', 'description': 'Computational evidence is inconclusive', 'clinical_note': 'Evo2-7B prediction: delta_score=-0.0002. Score is in the uncertain range and does not provide strong evidence in either direction.'}","{'summary': 'FAT1 is a tumor suppressor gene that encodes a protocadherin-like protein involved in cell-cell adhesion and signaling, with mutations in FAT1 associated with various cancers, including head and neck squamous cell carcinomas (HNSCC) and small cell lung cancer (SCLC). FAT1 mutations have been linked to oncogenic roles, promoting cancer cell migration and invasion, and have been identified as a tumor mutation burden (TMB) specific gene that affects the immunotherapy effect in HNSCC. Alterations in FAT1 have been correlated with poor prognosis and may serve as a potential biomarker for predicting response to immunotherapy in cancer patients.', 'pubmed_ids': ['38181741', '25631445', '38986165', '30224757', '33328637'], 'gene_function': None, 'articles_found': 5}"
MOCK_006,M,chr17,7577120,G,T,TP53,missense,SNV,0.3399470878424362,92.30862833139436,119,7577120,G,T,TP53,-0.0007470846176147461,Likely benign,0.1893923580646515,Evo2_AI,"{'gnomad_af': None, 'gnomad_max_pop_af': None, 'source': 'gnomAD v4.1', 'is_common_variant': False, 'frequency_classification': None}","{'code': 'None', 'strength': 'None', 'description': 'Computational evidence is inconclusive', 'clinical_note': 'Evo2-7B prediction: delta_score=-0.0007. Score is in the uncertain range and does not provide strong evidence in either direction.'}","{'summary': ""TP53 encodes a tumor suppressor protein that acts as a transcription factor, regulating cell-cycle control, DNA repair, senescence, autophagy, and apoptosis. Mutations in TP53 are associated with a high frequency of human cancers, with missense mutations being the most common type, and specific allelic variants exhibiting dominant-negative or gain-of-function activities. The gene's dysfunction is linked to cancer formation, and its variants have also been implicated in fertility, aging, longevity, and environmental adaptation, highlighting its critical role in maintaining genomic stability and preventing disease."", 'pubmed_ids': ['30224644', '29979965', '36766853', '27328919', '31395785'], 'gene_function': 'Unlike most tumor suppressor genes, the most common genetic alterations in tumor protein p53 (TP53) are missense mutations<sup>1,2</sup>', 'articles_found': 5}"
MOCK_007,M,chr17,7577120,G,T,TP53,missense,SNV,0.4729979967270805,72.69751728323362,192,7577120,G,T,TP53,-0.0007470846176147461,Likely benign,0.1893923580646515,Evo2_AI,"{'gnomad_af': None, 'gnomad_max_pop_af': None, 'source': 'gnomAD v4.1', 'is_common_variant': False, 'frequency_classification': None}","{'code': 'None', 'strength': 'None', 'description': 'Computational evidence is inconclusive', 'clinical_note': 'Evo2-7B prediction: delta_score=-0.0007. Score is in the uncertain range and does not provide strong evidence in either direction.'}","{'summary': ""TP53 encodes a tumor suppressor protein that acts as a transcription factor, regulating cell-cycle control, DNA repair, senescence, autophagy, and apoptosis. Mutations in TP53 are associated with a high frequency of human cancers, with missense mutations being the most common type, and specific allelic variants exhibiting dominant-negative or gain-of-function activities. The gene's dysfunction is linked to cancer formation, and its variants have also been implicated in fertility, aging, longevity, and environmental adaptation, highlighting its critical role in maintaining genomic stability and preventing disease."", 'pubmed_ids': ['30224644', '29979965', '36766853', '27328919', '31395785'], 'gene_function': 'Unlike most tumor suppressor genes, the most common genetic alterations in tumor protein p53 (TP53) are missense mutations<sup>1,2</sup>', 'articles_found': 5}"
MOCK_007,M,chr2,201234567,A,A,CASP8,missense,SNV,0.326045797023027,61.41276429865549,255,201234567,A,A,CASP8,0.0,Likely benign,1.0,Evo2_AI,"{'gnomad_af': None, 'gnomad_max_pop_af': None, 'source': 'gnomAD v4.1', 'is_common_variant': False, 'frequency_classification': None}","{'code': 'None', 'strength': 'None', 'description': 'Computational evidence is inconclusive', 'clinical_note': 'Evo2-7B prediction: delta_score=0.0000. Score is in the uncertain range and does not provide strong evidence in either direction.'}","{'summary': 'CASP8 functions as an initiator caspase of extrinsic apoptosis, inhibiting necroptosis and pyroptosis, with deficiency or enzymatically inactive mutations leading to embryonic lethality, necroptosis, and pyroptosis. CASP8 is associated with various cancers, including head and neck squamous cell carcinomas, where its expression and activity may influence tumor immune evasion and cytolytic activity. Alterations in CASP8 have been implicated in the regulation of apoptosis and necroptosis in cancer cells, highlighting its potential as a therapeutic target for modulating tumor immunity and cell death pathways.', 'pubmed_ids': ['25631445', '25594174', '31748744', '28112728', '31827280'], 'gene_function': 'The Cancer Genome Atlas profiled 279 head and neck squamous cell carcinomas (HNSCCs) to provide a comprehensive landscape of somatic genomic alterations', 'articles_found': 5}"
MOCK_007,M,chr4,186627650,A,GA,FAT1,frameshift,INDEL,0.5529711602334157,94.25568433133556,129,186627650,A,GA,FAT1,-0.00021338462829589844,Likely benign,0.7813013195991516,Evo2_AI,"{'gnomad_af': None, 'gnomad_max_pop_af': None, 'source': 'gnomAD v4.1', 'is_common_variant': False, 'frequency_classification': None}","{'code': 'None', 'strength': 'None', 'description': 'Computational evidence is inconclusive', 'clinical_note': 'Evo2-7B prediction: delta_score=-0.0002. Score is in the uncertain range and does not provide strong evidence in either direction.'}","{'summary': 'FAT1 is a tumor suppressor gene that encodes a protocadherin-like protein involved in cell-cell adhesion and signaling, with mutations in FAT1 associated with various cancers, including head and neck squamous cell carcinomas (HNSCC) and small cell lung cancer (SCLC). FAT1 mutations have been linked to oncogenic roles, promoting cancer cell migration and invasion, and have been identified as a tumor mutation burden (TMB) specific gene that affects the immunotherapy effect in HNSCC. Alterations in FAT1 have been correlated with poor prognosis and may serve as a potential biomarker for predicting response to immunotherapy in cancer patients.', 'pubmed_ids': ['38181741', '25631445', '38986165', '30224757', '33328637'], 'gene_function': None, 'articles_found': 5}"
MOCK_008,M,chr4,186627650,A,GA,FAT1,frameshift,INDEL,0.3349058526207153,88.91573370868572,115,186627650,A,GA,FAT1,-0.00021338462829589844,Likely benign,0.7813013195991516,Evo2_AI,"{'gnomad_af': None, 'gnomad_max_pop_af': None, 'source': 'gnomAD v4.1', 'is_common_variant': False, 'frequency_classification': None}","{'code': 'None', 'strength': 'None', 'description': 'Computational evidence is inconclusive', 'clinical_note': 'Evo2-7B prediction: delta_score=-0.0002. Score is in the uncertain range and does not provide strong evidence in either direction.'}","{'summary': 'FAT1 is a tumor suppressor gene that encodes a protocadherin-like protein involved in cell-cell adhesion and signaling, with mutations in FAT1 associated with various cancers, including head and neck squamous cell carcinomas (HNSCC) and small cell lung cancer (SCLC). FAT1 mutations have been linked to oncogenic roles, promoting cancer cell migration and invasion, and have been identified as a tumor mutation burden (TMB) specific gene that affects the immunotherapy effect in HNSCC. Alterations in FAT1 have been correlated with poor prognosis and may serve as a potential biomarker for predicting response to immunotherapy in cancer patients.', 'pubmed_ids': ['38181741', '25631445', '38986165', '30224757', '33328637'], 'gene_function': None, 'articles_found': 5}"
MOCK_008,M,chr4,186627644,AGG,C,FAT1,frameshift,INDEL,0.5602709715785416,91.23376031164386,273,186627644,AGG,C,FAT1,-4.762411117553711e-05,Likely benign,0.9651408195495605,Evo2_AI,"{'gnomad_af': None, 'gnomad_max_pop_af': None, 'source': 'gnomAD v4.1', 'is_common_variant': False, 'frequency_classification': None}","{'code': 'None', 'strength': 'None', 'description': 'Computational evidence is inconclusive', 'clinical_note': 'Evo2-7B prediction: delta_score=-0.0000. Score is in the uncertain range and does not provide strong evidence in either direction.'}","{'summary': 'FAT1 is a tumor suppressor gene that encodes a protocadherin protein involved in cell-cell adhesion and signaling, with mutations in FAT1 associated with various cancers, including head and neck squamous cell carcinomas (HNSCC) and small cell lung cancer (SCLC). FAT1 mutations have been linked to oncogenic roles, promoting cancer cell migration and invasion, and have been identified as a tumor mutation burden (TMB) specific gene that affects the immunotherapy effect in HNSCC. Alterations in FAT1 have been correlated with poor prognosis and may serve as a potential biomarker for predicting response to immunotherapy in cancer patients.', 'pubmed_ids': ['38181741', '25631445', '38986165', '30224757', '33328637'], 'gene_function': None, 'articles_found': 5}"
MOCK_008,M,chr17,7577120,G,T,TP53,missense,SNV,0.2864887963218734,67.17664313776152,355,7577120,G,T,TP53,-0.0007470846176147461,Likely benign,0.1893923580646515,Evo2_AI,"{'gnomad_af': None, 'gnomad_max_pop_af': None, 'source': 'gnomAD v4.1', 'is_common_variant': False, 'frequency_classification': None}","{'code': 'None', 'strength': 'None', 'description': 'Computational evidence is inconclusive', 'clinical_note': 'Evo2-7B prediction: delta_score=-0.0007. Score is in the uncertain range and does not provide strong evidence in either direction.'}","{'summary': ""TP53 encodes a tumor suppressor protein that acts as a transcription factor, regulating cell-cycle control, DNA repair, senescence, autophagy, and apoptosis. Mutations in TP53 are associated with a high frequency of human cancers, with missense mutations being the most common type, and specific allelic variants exhibiting dominant-negative or gain-of-function activities. The gene's dysfunction is linked to cancer formation, and its variants have also been implicated in fertility, aging, longevity, and environmental adaptation, highlighting its critical role in maintaining genomic stability and preventing disease."", 'pubmed_ids': ['30224644', '29979965', '36766853', '27328919', '31395785'], 'gene_function': 'Unlike most tumor suppressor genes, the most common genetic alterations in tumor protein p53 (TP53) are missense mutations<sup>1,2</sup>', 'articles_found': 5}"
MOCK_009,M,chr4,186627644,AGG,C,FAT1,frameshift,INDEL,0.6997957446242311,86.75134626564184,114,186627644,AGG,C,FAT1,-4.762411117553711e-05,Likely benign,0.9651408195495605,Evo2_AI,"{'gnomad_af': None, 'gnomad_max_pop_af': None, 'source': 'gnomAD v4.1', 'is_common_variant': False, 'frequency_classification': None}","{'code': 'None', 'strength': 'None', 'description': 'Computational evidence is inconclusive', 'clinical_note': 'Evo2-7B prediction: delta_score=-0.0000. Score is in the uncertain range and does not provide strong evidence in either direction.'}","{'summary': 'FAT1 is a tumor suppressor gene that encodes a protocadherin protein involved in cell-cell adhesion and signaling, with mutations in FAT1 associated with various cancers, including head and neck squamous cell carcinomas (HNSCC) and small cell lung cancer (SCLC). FAT1 mutations have been linked to oncogenic roles, promoting cancer cell migration and invasion, and have been identified as a tumor mutation burden (TMB) specific gene that affects the immunotherapy effect in HNSCC. Alterations in FAT1 have been correlated with poor prognosis and may serve as a potential biomarker for predicting response to immunotherapy in cancer patients.', 'pubmed_ids': ['38181741', '25631445', '38986165', '30224757', '33328637'], 'gene_function': None, 'articles_found': 5}"
MOCK_009,M,chr17,7577120,G,T,TP53,missense,SNV,0.3314408151423758,92.80718889218008,417,7577120,G,T,TP53,-0.0007470846176147461,Likely benign,0.1893923580646515,Evo2_AI,"{'gnomad_af': None, 'gnomad_max_pop_af': None, 'source': 'gnomAD v4.1', 'is_common_variant': False, 'frequency_classification': None}","{'code': 'None', 'strength': 'None', 'description': 'Computational evidence is inconclusive', 'clinical_note': 'Evo2-7B prediction: delta_score=-0.0007. Score is in the uncertain range and does not provide strong evidence in either direction.'}","{'summary': ""TP53 encodes a tumor suppressor protein that acts as a transcription factor, regulating cell-cycle control, DNA repair, senescence, autophagy, and apoptosis. Mutations in TP53 are associated with a high frequency of human cancers, with missense mutations being the most common type, and specific allelic variants exhibiting dominant-negative or gain-of-function activities. The gene's dysfunction is linked to cancer formation, and its variants have also been implicated in fertility, aging, longevity, and environmental adaptation, highlighting its critical role in maintaining genomic stability and preventing disease."", 'pubmed_ids': ['30224644', '29979965', '36766853', '27328919', '31395785'], 'gene_function': 'Unlike most tumor suppressor genes, the most common genetic alterations in tumor protein p53 (TP53) are missense mutations<sup>1,2</sup>', 'articles_found': 5}"
MOCK_010,M,chr4,186627644,AGG,C,FAT1,frameshift,INDEL,0.2346063657879386,56.01269074873019,110,186627644,AGG,C,FAT1,-4.762411117553711e-05,Likely benign,0.9651408195495605,Evo2_AI,"{'gnomad_af': None, 'gnomad_max_pop_af': None, 'source': 'gnomAD v4.1', 'is_common_variant': False, 'frequency_classification': None}","{'code': 'None', 'strength': 'None', 'description': 'Computational evidence is inconclusive', 'clinical_note': 'Evo2-7B prediction: delta_score=-0.0000. Score is in the uncertain range and does not provide strong evidence in either direction.'}","{'summary': 'FAT1 is a tumor suppressor gene that encodes a protocadherin protein involved in cell-cell adhesion and signaling, with mutations in FAT1 associated with various cancers, including head and neck squamous cell carcinomas (HNSCC) and small cell lung cancer (SCLC). FAT1 mutations have been linked to oncogenic roles, promoting cancer cell migration and invasion, and have been identified as a tumor mutation burden (TMB) specific gene that affects the immunotherapy effect in HNSCC. Alterations in FAT1 have been correlated with poor prognosis and may serve as a potential biomarker for predicting response to immunotherapy in cancer patients.', 'pubmed_ids': ['38181741', '25631445', '38986165', '30224757', '33328637'], 'gene_function': None, 'articles_found': 5}"
MOCK_010,M,chr17,7577120,G,T,TP53,missense,SNV,0.6864298251859874,56.50677676164887,222,7577120,G,T,TP53,-0.0007470846176147461,Likely benign,0.1893923580646515,Evo2_AI,"{'gnomad_af': None, 'gnomad_max_pop_af': None, 'source': 'gnomAD v4.1', 'is_common_variant': False, 'frequency_classification': None}","{'code': 'None', 'strength': 'None', 'description': 'Computational evidence is inconclusive', 'clinical_note': 'Evo2-7B prediction: delta_score=-0.0007. Score is in the uncertain range and does not provide strong evidence in either direction.'}","{'summary': ""TP53 encodes a tumor suppressor protein that acts as a transcription factor, regulating cell-cycle control, DNA repair, senescence, autophagy, and apoptosis. Mutations in TP53 are associated with a high frequency of human cancers, with missense mutations being the most common type, and specific allelic variants exhibiting dominant-negative or gain-of-function activities. The gene's dysfunction is linked to cancer formation, and its variants have also been implicated in fertility, aging, longevity, and environmental adaptation, highlighting its critical role in maintaining genomic stability and preventing disease."", 'pubmed_ids': ['30224644', '29979965', '36766853', '27328919', '31395785'], 'gene_function': 'Unlike most tumor suppressor genes, the most common genetic alterations in tumor protein p53 (TP53) are missense mutations<sup>1,2</sup>', 'articles_found': 5}"
MOCK_010,M,chr17,7577548,T,T,TP53,missense,SNV,0.6731698042001533,79.55572966745221,101,7577548,T,T,TP53,0.0,Likely benign,1.0,Evo2_AI,"{'gnomad_af': None, 'gnomad_max_pop_af': None, 'source': 'gnomAD v4.1', 'is_common_variant': False, 'frequency_classification': None}","{'code': 'None', 'strength': 'None', 'description': 'Computational evidence is inconclusive', 'clinical_note': 'Evo2-7B prediction: delta_score=0.0000. Score is in the uncertain range and does not provide strong evidence in either direction.'}","{'summary': ""TP53 encodes a tumor suppressor protein that acts as a transcription factor, regulating cell-cycle control, DNA repair, senescence, autophagy, and apoptosis. Mutations in TP53 are associated with a high frequency of human cancers, with missense mutations being the most common type, and specific allelic variants exhibiting dominant-negative or gain-of-function activities. The gene's mutation spectrum has been linked to cancer development and progression, with certain variants showing differential functional impact, highlighting the importance of TP53 in cancer formation and its potential role in adaptation, aging, and longevity."", 'pubmed_ids': ['30224644', '29979965', '36766853', '27328919', '31395785'], 'gene_function': 'Unlike most tumor suppressor genes, the most common genetic alterations in tumor protein p53 (TP53) are missense mutations<sup>1,2</sup>', 'articles_found': 5}"
MOCK_011,M,chr4,186627650,A,GA,FAT1,frameshift,INDEL,0.5915416951066156,83.33938826890409,230,186627650,A,GA,FAT1,-0.00021338462829589844,Likely benign,0.7813013195991516,Evo2_AI,"{'gnomad_af': None, 'gnomad_max_pop_af': None, 'source': 'gnomAD v4.1', 'is_common_variant': False, 'frequency_classification': None}","{'code': 'None', 'strength': 'None', 'description': 'Computational evidence is inconclusive', 'clinical_note': 'Evo2-7B prediction: delta_score=-0.0002. Score is in the uncertain range and does not provide strong evidence in either direction.'}","{'summary': 'FAT1 is a tumor suppressor gene that encodes a protocadherin-like protein involved in cell-cell adhesion and signaling, with mutations in FAT1 associated with various cancers, including head and neck squamous cell carcinomas (HNSCC) and small cell lung cancer (SCLC). FAT1 mutations have been linked to oncogenic roles, promoting cancer cell migration and invasion, and have been identified as a tumor mutation burden (TMB) specific gene that affects the immunotherapy effect in HNSCC. Alterations in FAT1 have been correlated with poor prognosis and may serve as a potential biomarker for predicting response to immunotherapy in cancer patients.', 'pubmed_ids': ['38181741', '25631445', '38986165', '30224757', '33328637'], 'gene_function': None, 'articles_found': 5}"
MOCK_011,M,chr2,201234567,A,A,CASP8,missense,SNV,0.2753039382255352,78.82808876749034,229,201234567,A,A,CASP8,0.0,Likely benign,1.0,Evo2_AI,"{'gnomad_af': None, 'gnomad_max_pop_af': None, 'source': 'gnomAD v4.1', 'is_common_variant': False, 'frequency_classification': None}","{'code': 'None', 'strength': 'None', 'description': 'Computational evidence is inconclusive', 'clinical_note': 'Evo2-7B prediction: delta_score=0.0000. Score is in the uncertain range and does not provide strong evidence in either direction.'}","{'summary': 'CASP8 functions as an initiator caspase of extrinsic apoptosis, inhibiting necroptosis and pyroptosis, with deficiency or enzymatically inactive mutations leading to embryonic lethality, necroptosis, and pyroptosis. CASP8 is associated with various cancers, including head and neck squamous cell carcinomas, where its expression and activity may influence tumor immune evasion and cytolytic activity. Alterations in CASP8 have been implicated in the regulation of apoptosis and necroptosis in cancer cells, highlighting its potential as a therapeutic target for modulating tumor immunity and cell death pathways.', 'pubmed_ids': ['25631445', '25594174', '31748744', '28112728', '31827280'], 'gene_function': 'The Cancer Genome Atlas profiled 279 head and neck squamous cell carcinomas (HNSCCs) to provide a comprehensive landscape of somatic genomic alterations', 'articles_found': 5}"
MOCK_011,M,chr17,7577548,T,T,TP53,missense,SNV,0.7177580573405864,66.80318285289866,283,7577548,T,T,TP53,0.0,Likely benign,1.0,Evo2_AI,"{'gnomad_af': None, 'gnomad_max_pop_af': None, 'source': 'gnomAD v4.1', 'is_common_variant': False, 'frequency_classification': None}","{'code': 'None', 'strength': 'None', 'description': 'Computational evidence is inconclusive', 'clinical_note': 'Evo2-7B prediction: delta_score=0.0000. Score is in the uncertain range and does not provide strong evidence in either direction.'}","{'summary': ""TP53 encodes a tumor suppressor protein that acts as a transcription factor, regulating cell-cycle control, DNA repair, senescence, autophagy, and apoptosis. Mutations in TP53 are associated with a high frequency of human cancers, with missense mutations being the most common type, and specific allelic variants exhibiting dominant-negative or gain-of-function activities. The gene's mutation spectrum has been linked to cancer development and progression, with certain variants showing differential functional impact, highlighting the importance of TP53 in cancer formation and its potential role in adaptation, aging, and longevity."", 'pubmed_ids': ['30224644', '29979965', '36766853', '27328919', '31395785'], 'gene_function': 'Unlike most tumor suppressor genes, the most common genetic alterations in tumor protein p53 (TP53) are missense mutations<sup>1,2</sup>', 'articles_found': 5}"
MOCK_011,M,chr4,186627644,AGG,C,FAT1,frameshift,INDEL,0.7070868990047725,87.24343384564673,387,186627644,AGG,C,FAT1,-4.762411117553711e-05,Likely benign,0.9651408195495605,Evo2_AI,"{'gnomad_af': None, 'gnomad_max_pop_af': None, 'source': 'gnomAD v4.1', 'is_common_variant': False, 'frequency_classification': None}","{'code': 'None', 'strength': 'None', 'description': 'Computational evidence is inconclusive', 'clinical_note': 'Evo2-7B prediction: delta_score=-0.0000. Score is in the uncertain range and does not provide strong evidence in either direction.'}","{'summary': 'FAT1 is a tumor suppressor gene that encodes a protocadherin protein involved in cell-cell adhesion and signaling, with mutations in FAT1 associated with various cancers, including head and neck squamous cell carcinomas (HNSCC) and small cell lung cancer (SCLC). FAT1 mutations have been linked to oncogenic roles, promoting cancer cell migration and invasion, and have been identified as a tumor mutation burden (TMB) specific gene that affects the immunotherapy effect in HNSCC. Alterations in FAT1 have been correlated with poor prognosis and may serve as a potential biomarker for predicting response to immunotherapy in cancer patients.', 'pubmed_ids': ['38181741', '25631445', '38986165', '30224757', '33328637'], 'gene_function': None, 'articles_found': 5}"
MOCK_012,M,chr2,201234567,A,A,CASP8,missense,SNV,0.3294906844504958,80.62878742174912,494,201234567,A,A,CASP8,0.0,Likely benign,1.0,Evo2_AI,"{'gnomad_af': None, 'gnomad_max_pop_af': None, 'source': 'gnomAD v4.1', 'is_common_variant': False, 'frequency_classification': None}","{'code': 'None', 'strength': 'None', 'description': 'Computational evidence is inconclusive', 'clinical_note': 'Evo2-7B prediction: delta_score=0.0000. Score is in the uncertain range and does not provide strong evidence in either direction.'}","{'summary': 'CASP8 functions as an initiator caspase of extrinsic apoptosis, inhibiting necroptosis and pyroptosis, with deficiency or enzymatically inactive mutations leading to embryonic lethality, necroptosis, and pyroptosis. CASP8 is associated with various cancers, including head and neck squamous cell carcinomas, where its expression and activity may influence tumor immune evasion and cytolytic activity. Alterations in CASP8 have been implicated in the regulation of apoptosis and necroptosis in cancer cells, highlighting its potential as a therapeutic target for modulating tumor immunity and cell death pathways.', 'pubmed_ids': ['25631445', '25594174', '31748744', '28112728', '31827280'], 'gene_function': 'The Cancer Genome Atlas profiled 279 head and neck squamous cell carcinomas (HNSCCs) to provide a comprehensive landscape of somatic genomic alterations', 'articles_found': 5}"
MOCK_012,M,chr4,186627650,A,GA,FAT1,frameshift,INDEL,0.6769958655648766,60.01434696084589,457,186627650,A,GA,FAT1,-0.00021338462829589844,Likely benign,0.7813013195991516,Evo2_AI,"{'gnomad_af': None, 'gnomad_max_pop_af': None, 'source': 'gnomAD v4.1', 'is_common_variant': False, 'frequency_classification': None}","{'code': 'None', 'strength': 'None', 'description': 'Computational evidence is inconclusive', 'clinical_note': 'Evo2-7B prediction: delta_score=-0.0002. Score is in the uncertain range and does not provide strong evidence in either direction.'}","{'summary': 'FAT1 is a tumor suppressor gene that encodes a protocadherin-like protein involved in cell-cell adhesion and signaling, with mutations in FAT1 associated with various cancers, including head and neck squamous cell carcinomas (HNSCC) and small cell lung cancer (SCLC). FAT1 mutations have been linked to oncogenic roles, promoting cancer cell migration and invasion, and have been identified as a tumor mutation burden (TMB) specific gene that affects the immunotherapy effect in HNSCC. Alterations in FAT1 have been correlated with poor prognosis and may serve as a potential biomarker for predicting response to immunotherapy in cancer patients.', 'pubmed_ids': ['38181741', '25631445', '38986165', '30224757', '33328637'], 'gene_function': None, 'articles_found': 5}"
MOCK_012,M,chr4,186627644,AGG,C,FAT1,frameshift,INDEL,0.3948217749429207,84.15536889248979,172,186627644,AGG,C,FAT1,-4.762411117553711e-05,Likely benign,0.9651408195495605,Evo2_AI,"{'gnomad_af': None, 'gnomad_max_pop_af': None, 'source': 'gnomAD v4.1', 'is_common_variant': False, 'frequency_classification': None}","{'code': 'None', 'strength': 'None', 'description': 'Computational evidence is inconclusive', 'clinical_note': 'Evo2-7B prediction: delta_score=-0.0000. Score is in the uncertain range and does not provide strong evidence in either direction.'}","{'summary': 'FAT1 is a tumor suppressor gene that encodes a protocadherin protein involved in cell-cell adhesion and signaling, with mutations in FAT1 associated with various cancers, including head and neck squamous cell carcinomas (HNSCC) and small cell lung cancer (SCLC). FAT1 mutations have been linked to oncogenic roles, promoting cancer cell migration and invasion, and have been identified as a tumor mutation burden (TMB) specific gene that affects the immunotherapy effect in HNSCC. Alterations in FAT1 have been correlated with poor prognosis and may serve as a potential biomarker for predicting response to immunotherapy in cancer patients.', 'pubmed_ids': ['38181741', '25631445', '38986165', '30224757', '33328637'], 'gene_function': None, 'articles_found': 5}"
MOCK_013,M,chr17,7577120,G,T,TP53,missense,SNV,0.7929458355294512,86.35008423464652,154,7577120,G,T,TP53,-0.0007470846176147461,Likely benign,0.1893923580646515,Evo2_AI,"{'gnomad_af': None, 'gnomad_max_pop_af': None, 'source': 'gnomAD v4.1', 'is_common_variant': False, 'frequency_classification': None}","{'code': 'None', 'strength': 'None', 'description': 'Computational evidence is inconclusive', 'clinical_note': 'Evo2-7B prediction: delta_score=-0.0007. Score is in the uncertain range and does not provide strong evidence in either direction.'}","{'summary': ""TP53 encodes a tumor suppressor protein that acts as a transcription factor, regulating cell-cycle control, DNA repair, senescence, autophagy, and apoptosis. Mutations in TP53 are associated with a high frequency of human cancers, with missense mutations being the most common type, and specific allelic variants exhibiting dominant-negative or gain-of-function activities. The gene's dysfunction is linked to cancer formation, and its variants have also been implicated in fertility, aging, longevity, and environmental adaptation, highlighting its critical role in maintaining genomic stability and preventing disease."", 'pubmed_ids': ['30224644', '29979965', '36766853', '27328919', '31395785'], 'gene_function': 'Unlike most tumor suppressor genes, the most common genetic alterations in tumor protein p53 (TP53) are missense mutations<sup>1,2</sup>', 'articles_found': 5}"
MOCK_013,M,chr4,186627650,A,GA,FAT1,frameshift,INDEL,0.6809893732324148,74.87360737231145,238,186627650,A,GA,FAT1,-0.00021338462829589844,Likely benign,0.7813013195991516,Evo2_AI,"{'gnomad_af': None, 'gnomad_max_pop_af': None, 'source': 'gnomAD v4.1', 'is_common_variant': False, 'frequency_classification': None}","{'code': 'None', 'strength': 'None', 'description': 'Computational evidence is inconclusive', 'clinical_note': 'Evo2-7B prediction: delta_score=-0.0002. Score is in the uncertain range and does not provide strong evidence in either direction.'}","{'summary': 'FAT1 is a tumor suppressor gene that encodes a protocadherin-like protein involved in cell-cell adhesion and signaling, with mutations in FAT1 associated with various cancers, including head and neck squamous cell carcinomas (HNSCC) and small cell lung cancer (SCLC). FAT1 mutations have been linked to oncogenic roles, promoting cancer cell migration and invasion, and have been identified as a tumor mutation burden (TMB) specific gene that affects the immunotherapy effect in HNSCC. Alterations in FAT1 have been correlated with poor prognosis and may serve as a potential biomarker for predicting response to immunotherapy in cancer patients.', 'pubmed_ids': ['38181741', '25631445', '38986165', '30224757', '33328637'], 'gene_function': None, 'articles_found': 5}"
MOCK_013,M,chr17,7577548,T,T,TP53,missense,SNV,0.5379816818787663,90.35883783601236,458,7577548,T,T,TP53,0.0,Likely benign,1.0,Evo2_AI,"{'gnomad_af': None, 'gnomad_max_pop_af': None, 'source': 'gnomAD v4.1', 'is_common_variant': False, 'frequency_classification': None}","{'code': 'None', 'strength': 'None', 'description': 'Computational evidence is inconclusive', 'clinical_note': 'Evo2-7B prediction: delta_score=0.0000. Score is in the uncertain range and does not provide strong evidence in either direction.'}","{'summary': ""TP53 encodes a tumor suppressor protein that acts as a transcription factor, regulating cell-cycle control, DNA repair, senescence, autophagy, and apoptosis. Mutations in TP53 are associated with a high frequency of human cancers, with missense mutations being the most common type, and specific allelic variants exhibiting dominant-negative or gain-of-function activities. The gene's mutation spectrum has been linked to cancer development and progression, with certain variants showing differential functional impact, highlighting the importance of TP53 in cancer formation and its potential role in adaptation, aging, and longevity."", 'pubmed_ids': ['30224644', '29979965', '36766853', '27328919', '31395785'], 'gene_function': 'Unlike most tumor suppressor genes, the most common genetic alterations in tumor protein p53 (TP53) are missense mutations<sup>1,2</sup>', 'articles_found': 5}"
MOCK_014,M,chr17,7577548,T,T,TP53,missense,SNV,0.4968904845469432,86.48532176208911,434,7577548,T,T,TP53,0.0,Likely benign,1.0,Evo2_AI,"{'gnomad_af': None, 'gnomad_max_pop_af': None, 'source': 'gnomAD v4.1', 'is_common_variant': False, 'frequency_classification': None}","{'code': 'None', 'strength': 'None', 'description': 'Computational evidence is inconclusive', 'clinical_note': 'Evo2-7B prediction: delta_score=0.0000. Score is in the uncertain range and does not provide strong evidence in either direction.'}","{'summary': ""TP53 encodes a tumor suppressor protein that acts as a transcription factor, regulating cell-cycle control, DNA repair, senescence, autophagy, and apoptosis. Mutations in TP53 are associated with a high frequency of human cancers, with missense mutations being the most common type, and specific allelic variants exhibiting dominant-negative or gain-of-function activities. The gene's mutation spectrum has been linked to cancer development and progression, with certain variants showing differential functional impact, highlighting the importance of TP53 in cancer formation and its potential role in adaptation, aging, and longevity."", 'pubmed_ids': ['30224644', '29979965', '36766853', '27328919', '31395785'], 'gene_function': 'Unlike most tumor suppressor genes, the most common genetic alterations in tumor protein p53 (TP53) are missense mutations<sup>1,2</sup>', 'articles_found': 5}"
MOCK_014,M,chr4,186627650,A,GA,FAT1,frameshift,INDEL,0.4041933574743732,50.57323674261344,231,186627650,A,GA,FAT1,-0.00021338462829589844,Likely benign,0.7813013195991516,Evo2_AI,"{'gnomad_af': None, 'gnomad_max_pop_af': None, 'source': 'gnomAD v4.1', 'is_common_variant': False, 'frequency_classification': None}","{'code': 'None', 'strength': 'None', 'description': 'Computational evidence is inconclusive', 'clinical_note': 'Evo2-7B prediction: delta_score=-0.0002. Score is in the uncertain range and does not provide strong evidence in either direction.'}","{'summary': 'FAT1 is a tumor suppressor gene that encodes a protocadherin-like protein involved in cell-cell adhesion and signaling, with mutations in FAT1 associated with various cancers, including head and neck squamous cell carcinomas (HNSCC) and small cell lung cancer (SCLC). FAT1 mutations have been linked to oncogenic roles, promoting cancer cell migration and invasion, and have been identified as a tumor mutation burden (TMB) specific gene that affects the immunotherapy effect in HNSCC. Alterations in FAT1 have been correlated with poor prognosis and may serve as a potential biomarker for predicting response to immunotherapy in cancer patients.', 'pubmed_ids': ['38181741', '25631445', '38986165', '30224757', '33328637'], 'gene_function': None, 'articles_found': 5}"
MOCK_015,M,chr17,7577120,G,T,TP53,missense,SNV,0.7556754025123353,90.1632170141427,168,7577120,G,T,TP53,-0.0007470846176147461,Likely benign,0.1893923580646515,Evo2_AI,"{'gnomad_af': None, 'gnomad_max_pop_af': None, 'source': 'gnomAD v4.1', 'is_common_variant': False, 'frequency_classification': None}","{'code': 'None', 'strength': 'None', 'description': 'Computational evidence is inconclusive', 'clinical_note': 'Evo2-7B prediction: delta_score=-0.0007. Score is in the uncertain range and does not provide strong evidence in either direction.'}","{'summary': ""TP53 encodes a tumor suppressor protein that acts as a transcription factor, regulating cell-cycle control, DNA repair, senescence, autophagy, and apoptosis. Mutations in TP53 are associated with a high frequency of human cancers, with missense mutations being the most common type, and specific allelic variants exhibiting dominant-negative or gain-of-function activities. The gene's dysfunction is linked to cancer formation, and its variants have also been implicated in fertility, aging, longevity, and environmental adaptation, highlighting its critical role in maintaining genomic stability and preventing disease."", 'pubmed_ids': ['30224644', '29979965', '36766853', '27328919', '31395785'], 'gene_function': 'Unlike most tumor suppressor genes, the most common genetic alterations in tumor protein p53 (TP53) are missense mutations<sup>1,2</sup>', 'articles_found': 5}"
MOCK_015,M,chr2,201234567,A,A,CASP8,missense,SNV,0.417373384381163,51.19973704933509,440,201234567,A,A,CASP8,0.0,Likely benign,1.0,Evo2_AI,"{'gnomad_af': None, 'gnomad_max_pop_af': None, 'source': 'gnomAD v4.1', 'is_common_variant': False, 'frequency_classification': None}","{'code': 'None', 'strength': 'None', 'description': 'Computational evidence is inconclusive', 'clinical_note': 'Evo2-7B prediction: delta_score=0.0000. Score is in the uncertain range and does not provide strong evidence in either direction.'}","{'summary': 'CASP8 functions as an initiator caspase of extrinsic apoptosis, inhibiting necroptosis and pyroptosis, with deficiency or enzymatically inactive mutations leading to embryonic lethality, necroptosis, and pyroptosis. CASP8 is associated with various cancers, including head and neck squamous cell carcinomas, where its expression and activity may influence tumor immune evasion and cytolytic activity. Alterations in CASP8 have been implicated in the regulation of apoptosis and necroptosis in cancer cells, highlighting its potential as a therapeutic target for modulating tumor immunity and cell death pathways.', 'pubmed_ids': ['25631445', '25594174', '31748744', '28112728', '31827280'], 'gene_function': 'The Cancer Genome Atlas profiled 279 head and neck squamous cell carcinomas (HNSCCs) to provide a comprehensive landscape of somatic genomic alterations', 'articles_found': 5}"
MOCK_015,M,chr4,186627644,AGG,C,FAT1,frameshift,INDEL,0.6199336417328036,96.56523374693894,266,186627644,AGG,C,FAT1,-4.762411117553711e-05,Likely benign,0.9651408195495605,Evo2_AI,"{'gnomad_af': None, 'gnomad_max_pop_af': None, 'source': 'gnomAD v4.1', 'is_common_variant': False, 'frequency_classification': None}","{'code': 'None', 'strength': 'None', 'description': 'Computational evidence is inconclusive', 'clinical_note': 'Evo2-7B prediction: delta_score=-0.0000. Score is in the uncertain range and does not provide strong evidence in either direction.'}","{'summary': 'FAT1 is a tumor suppressor gene that encodes a protocadherin protein involved in cell-cell adhesion and signaling, with mutations in FAT1 associated with various cancers, including head and neck squamous cell carcinomas (HNSCC) and small cell lung cancer (SCLC). FAT1 mutations have been linked to oncogenic roles, promoting cancer cell migration and invasion, and have been identified as a tumor mutation burden (TMB) specific gene that affects the immunotherapy effect in HNSCC. Alterations in FAT1 have been correlated with poor prognosis and may serve as a potential biomarker for predicting response to immunotherapy in cancer patients.', 'pubmed_ids': ['38181741', '25631445', '38986165', '30224757', '33328637'], 'gene_function': None, 'articles_found': 5}"
MOCK_015,M,chr4,186627650,A,GA,FAT1,frameshift,INDEL,0.6497731046488945,68.5603920958625,495,186627650,A,GA,FAT1,-0.00021338462829589844,Likely benign,0.7813013195991516,Evo2_AI,"{'gnomad_af': None, 'gnomad_max_pop_af': None, 'source': 'gnomAD v4.1', 'is_common_variant': False, 'frequency_classification': None}","{'code': 'None', 'strength': 'None', 'description': 'Computational evidence is inconclusive', 'clinical_note': 'Evo2-7B prediction: delta_score=-0.0002. Score is in the uncertain range and does not provide strong evidence in either direction.'}","{'summary': 'FAT1 is a tumor suppressor gene that encodes a protocadherin-like protein involved in cell-cell adhesion and signaling, with mutations in FAT1 associated with various cancers, including head and neck squamous cell carcinomas (HNSCC) and small cell lung cancer (SCLC). FAT1 mutations have been linked to oncogenic roles, promoting cancer cell migration and invasion, and have been identified as a tumor mutation burden (TMB) specific gene that affects the immunotherapy effect in HNSCC. Alterations in FAT1 have been correlated with poor prognosis and may serve as a potential biomarker for predicting response to immunotherapy in cancer patients.', 'pubmed_ids': ['38181741', '25631445', '38986165', '30224757', '33328637'], 'gene_function': None, 'articles_found': 5}"
MOCK_015,M,chr17,7577548,T,T,TP53,missense,SNV,0.2836941842132662,77.92594304665903,255,7577548,T,T,TP53,0.0,Likely benign,1.0,Evo2_AI,"{'gnomad_af': None, 'gnomad_max_pop_af': None, 'source': 'gnomAD v4.1', 'is_common_variant': False, 'frequency_classification': None}","{'code': 'None', 'strength': 'None', 'description': 'Computational evidence is inconclusive', 'clinical_note': 'Evo2-7B prediction: delta_score=0.0000. Score is in the uncertain range and does not provide strong evidence in either direction.'}","{'summary': ""TP53 encodes a tumor suppressor protein that acts as a transcription factor, regulating cell-cycle control, DNA repair, senescence, autophagy, and apoptosis. Mutations in TP53 are associated with a high frequency of human cancers, with missense mutations being the most common type, and specific allelic variants exhibiting dominant-negative or gain-of-function activities. The gene's mutation spectrum has been linked to cancer development and progression, with certain variants showing differential functional impact, highlighting the importance of TP53 in cancer formation and its potential role in adaptation, aging, and longevity."", 'pubmed_ids': ['30224644', '29979965', '36766853', '27328919', '31395785'], 'gene_function': 'Unlike most tumor suppressor genes, the most common genetic alterations in tumor protein p53 (TP53) are missense mutations<sup>1,2</sup>', 'articles_found': 5}"
MOCK_016,M,chr4,186627644,AGG,C,FAT1,frameshift,INDEL,0.527559690375919,56.36174163072943,302,186627644,AGG,C,FAT1,-4.762411117553711e-05,Likely benign,0.9651408195495605,Evo2_AI,"{'gnomad_af': None, 'gnomad_max_pop_af': None, 'source': 'gnomAD v4.1', 'is_common_variant': False, 'frequency_classification': None}","{'code': 'None', 'strength': 'None', 'description': 'Computational evidence is inconclusive', 'clinical_note': 'Evo2-7B prediction: delta_score=-0.0000. Score is in the uncertain range and does not provide strong evidence in either direction.'}","{'summary': 'FAT1 is a tumor suppressor gene that encodes a protocadherin protein involved in cell-cell adhesion and signaling, with mutations in FAT1 associated with various cancers, including head and neck squamous cell carcinomas (HNSCC) and small cell lung cancer (SCLC). FAT1 mutations have been linked to oncogenic roles, promoting cancer cell migration and invasion, and have been identified as a tumor mutation burden (TMB) specific gene that affects the immunotherapy effect in HNSCC. Alterations in FAT1 have been correlated with poor prognosis and may serve as a potential biomarker for predicting response to immunotherapy in cancer patients.', 'pubmed_ids': ['38181741', '25631445', '38986165', '30224757', '33328637'], 'gene_function': None, 'articles_found': 5}"
MOCK_016,M,chr2,201234567,A,A,CASP8,missense,SNV,0.7625270141407132,70.48532011410083,102,201234567,A,A,CASP8,0.0,Likely benign,1.0,Evo2_AI,"{'gnomad_af': None, 'gnomad_max_pop_af': None, 'source': 'gnomAD v4.1', 'is_common_variant': False, 'frequency_classification': None}","{'code': 'None', 'strength': 'None', 'description': 'Computational evidence is inconclusive', 'clinical_note': 'Evo2-7B prediction: delta_score=0.0000. Score is in the uncertain range and does not provide strong evidence in either direction.'}","{'summary': 'CASP8 functions as an initiator caspase of extrinsic apoptosis, inhibiting necroptosis and pyroptosis, with deficiency or enzymatically inactive mutations leading to embryonic lethality, necroptosis, and pyroptosis. CASP8 is associated with various cancers, including head and neck squamous cell carcinomas, where its expression and activity may influence tumor immune evasion and cytolytic activity. Alterations in CASP8 have been implicated in the regulation of apoptosis and necroptosis in cancer cells, highlighting its potential as a therapeutic target for modulating tumor immunity and cell death pathways.', 'pubmed_ids': ['25631445', '25594174', '31748744', '28112728', '31827280'], 'gene_function': 'The Cancer Genome Atlas profiled 279 head and neck squamous cell carcinomas (HNSCCs) to provide a comprehensive landscape of somatic genomic alterations', 'articles_found': 5}"
MOCK_016,M,chr17,7577548,T,T,TP53,missense,SNV,0.2878159362633409,68.98647046857828,268,7577548,T,T,TP53,0.0,Likely benign,1.0,Evo2_AI,"{'gnomad_af': None, 'gnomad_max_pop_af': None, 'source': 'gnomAD v4.1', 'is_common_variant': False, 'frequency_classification': None}","{'code': 'None', 'strength': 'None', 'description': 'Computational evidence is inconclusive', 'clinical_note': 'Evo2-7B prediction: delta_score=0.0000. Score is in the uncertain range and does not provide strong evidence in either direction.'}","{'summary': ""TP53 encodes a tumor suppressor protein that acts as a transcription factor, regulating cell-cycle control, DNA repair, senescence, autophagy, and apoptosis. Mutations in TP53 are associated with a high frequency of human cancers, with missense mutations being the most common type, and specific allelic variants exhibiting dominant-negative or gain-of-function activities. The gene's mutation spectrum has been linked to cancer development and progression, with certain variants showing differential functional impact, highlighting the importance of TP53 in cancer formation and its potential role in adaptation, aging, and longevity."", 'pubmed_ids': ['30224644', '29979965', '36766853', '27328919', '31395785'], 'gene_function': 'Unlike most tumor suppressor genes, the most common genetic alterations in tumor protein p53 (TP53) are missense mutations<sup>1,2</sup>', 'articles_found': 5}"
MOCK_017,M,chr17,7577548,T,T,TP53,missense,SNV,0.6012862101299613,57.56976080683503,347,7577548,T,T,TP53,0.0,Likely benign,1.0,Evo2_AI,"{'gnomad_af': None, 'gnomad_max_pop_af': None, 'source': 'gnomAD v4.1', 'is_common_variant': False, 'frequency_classification': None}","{'code': 'None', 'strength': 'None', 'description': 'Computational evidence is inconclusive', 'clinical_note': 'Evo2-7B prediction: delta_score=0.0000. Score is in the uncertain range and does not provide strong evidence in either direction.'}","{'summary': ""TP53 encodes a tumor suppressor protein that acts as a transcription factor, regulating cell-cycle control, DNA repair, senescence, autophagy, and apoptosis. Mutations in TP53 are associated with a high frequency of human cancers, with missense mutations being the most common type, and specific allelic variants exhibiting dominant-negative or gain-of-function activities. The gene's mutation spectrum has been linked to cancer development and progression, with certain variants showing differential functional impact, highlighting the importance of TP53 in cancer formation and its potential role in adaptation, aging, and longevity."", 'pubmed_ids': ['30224644', '29979965', '36766853', '27328919', '31395785'], 'gene_function': 'Unlike most tumor suppressor genes, the most common genetic alterations in tumor protein p53 (TP53) are missense mutations<sup>1,2</sup>', 'articles_found': 5}"
MOCK_017,M,chr4,186627650,A,GA,FAT1,frameshift,INDEL,0.5548344459052652,59.07628319401606,473,186627650,A,GA,FAT1,-0.00021338462829589844,Likely benign,0.7813013195991516,Evo2_AI,"{'gnomad_af': None, 'gnomad_max_pop_af': None, 'source': 'gnomAD v4.1', 'is_common_variant': False, 'frequency_classification': None}","{'code': 'None', 'strength': 'None', 'description': 'Computational evidence is inconclusive', 'clinical_note': 'Evo2-7B prediction: delta_score=-0.0002. Score is in the uncertain range and does not provide strong evidence in either direction.'}","{'summary': 'FAT1 is a tumor suppressor gene that encodes a protocadherin-like protein involved in cell-cell adhesion and signaling, with mutations in FAT1 associated with various cancers, including head and neck squamous cell carcinomas (HNSCC) and small cell lung cancer (SCLC). FAT1 mutations have been linked to oncogenic roles, promoting cancer cell migration and invasion, and have been identified as a tumor mutation burden (TMB) specific gene that affects the immunotherapy effect in HNSCC. Alterations in FAT1 have been correlated with poor prognosis and may serve as a potential biomarker for predicting response to immunotherapy in cancer patients.', 'pubmed_ids': ['38181741', '25631445', '38986165', '30224757', '33328637'], 'gene_function': None, 'articles_found': 5}"
MOCK_018,M,chr17,7577548,T,T,TP53,missense,SNV,0.3936606993184856,51.17268351035937,208,7577548,T,T,TP53,0.0,Likely benign,1.0,Evo2_AI,"{'gnomad_af': None, 'gnomad_max_pop_af': None, 'source': 'gnomAD v4.1', 'is_common_variant': False, 'frequency_classification': None}","{'code': 'None', 'strength': 'None', 'description': 'Computational evidence is inconclusive', 'clinical_note': 'Evo2-7B prediction: delta_score=0.0000. Score is in the uncertain range and does not provide strong evidence in either direction.'}","{'summary': ""TP53 encodes a tumor suppressor protein that acts as a transcription factor, regulating cell-cycle control, DNA repair, senescence, autophagy, and apoptosis. Mutations in TP53 are associated with a high frequency of human cancers, with missense mutations being the most common type, and specific allelic variants exhibiting dominant-negative or gain-of-function activities. The gene's mutation spectrum has been linked to cancer development and progression, with certain variants showing differential functional impact, highlighting the importance of TP53 in cancer formation and its potential role in adaptation, aging, and longevity."", 'pubmed_ids': ['30224644', '29979965', '36766853', '27328919', '31395785'], 'gene_function': 'Unlike most tumor suppressor genes, the most common genetic alterations in tumor protein p53 (TP53) are missense mutations<sup>1,2</sup>', 'articles_found': 5}"
MOCK_018,M,chr2,201234567,A,A,CASP8,missense,SNV,0.2138858019116113,70.85410169641976,278,201234567,A,A,CASP8,0.0,Likely benign,1.0,Evo2_AI,"{'gnomad_af': None, 'gnomad_max_pop_af': None, 'source': 'gnomAD v4.1', 'is_common_variant': False, 'frequency_classification': None}","{'code': 'None', 'strength': 'None', 'description': 'Computational evidence is inconclusive', 'clinical_note': 'Evo2-7B prediction: delta_score=0.0000. Score is in the uncertain range and does not provide strong evidence in either direction.'}","{'summary': 'CASP8 functions as an initiator caspase of extrinsic apoptosis, inhibiting necroptosis and pyroptosis, with deficiency or enzymatically inactive mutations leading to embryonic lethality, necroptosis, and pyroptosis. CASP8 is associated with various cancers, including head and neck squamous cell carcinomas, where its expression and activity may influence tumor immune evasion and cytolytic activity. Alterations in CASP8 have been implicated in the regulation of apoptosis and necroptosis in cancer cells, highlighting its potential as a therapeutic target for modulating tumor immunity and cell death pathways.', 'pubmed_ids': ['25631445', '25594174', '31748744', '28112728', '31827280'], 'gene_function': 'The Cancer Genome Atlas profiled 279 head and neck squamous cell carcinomas (HNSCCs) to provide a comprehensive landscape of somatic genomic alterations', 'articles_found': 5}"
MOCK_018,M,chr4,186627644,AGG,C,FAT1,frameshift,INDEL,0.3385305688731607,98.0166461801258,253,186627644,AGG,C,FAT1,-4.762411117553711e-05,Likely benign,0.9651408195495605,Evo2_AI,"{'gnomad_af': None, 'gnomad_max_pop_af': None, 'source': 'gnomAD v4.1', 'is_common_variant': False, 'frequency_classification': None}","{'code': 'None', 'strength': 'None', 'description': 'Computational evidence is inconclusive', 'clinical_note': 'Evo2-7B prediction: delta_score=-0.0000. Score is in the uncertain range and does not provide strong evidence in either direction.'}","{'summary': 'FAT1 is a tumor suppressor gene that encodes a protocadherin protein involved in cell-cell adhesion and signaling, with mutations in FAT1 associated with various cancers, including head and neck squamous cell carcinomas (HNSCC) and small cell lung cancer (SCLC). FAT1 mutations have been linked to oncogenic roles, promoting cancer cell migration and invasion, and have been identified as a tumor mutation burden (TMB) specific gene that affects the immunotherapy effect in HNSCC. Alterations in FAT1 have been correlated with poor prognosis and may serve as a potential biomarker for predicting response to immunotherapy in cancer patients.', 'pubmed_ids': ['38181741', '25631445', '38986165', '30224757', '33328637'], 'gene_function': None, 'articles_found': 5}"
MOCK_018,M,chr4,186627650,A,GA,FAT1,frameshift,INDEL,0.6732516375193895,82.70562954947957,274,186627650,A,GA,FAT1,-0.00021338462829589844,Likely benign,0.7813013195991516,Evo2_AI,"{'gnomad_af': None, 'gnomad_max_pop_af': None, 'source': 'gnomAD v4.1', 'is_common_variant': False, 'frequency_classification': None}","{'code': 'None', 'strength': 'None', 'description': 'Computational evidence is inconclusive', 'clinical_note': 'Evo2-7B prediction: delta_score=-0.0002. Score is in the uncertain range and does not provide strong evidence in either direction.'}","{'summary': 'FAT1 is a tumor suppressor gene that encodes a protocadherin-like protein involved in cell-cell adhesion and signaling, with mutations in FAT1 associated with various cancers, including head and neck squamous cell carcinomas (HNSCC) and small cell lung cancer (SCLC). FAT1 mutations have been linked to oncogenic roles, promoting cancer cell migration and invasion, and have been identified as a tumor mutation burden (TMB) specific gene that affects the immunotherapy effect in HNSCC. Alterations in FAT1 have been correlated with poor prognosis and may serve as a potential biomarker for predicting response to immunotherapy in cancer patients.', 'pubmed_ids': ['38181741', '25631445', '38986165', '30224757', '33328637'], 'gene_function': None, 'articles_found': 5}"
MOCK_018,M,chr17,7577120,G,T,TP53,missense,SNV,0.3733378655216506,57.876744923816325,419,7577120,G,T,TP53,-0.0007470846176147461,Likely benign,0.1893923580646515,Evo2_AI,"{'gnomad_af': None, 'gnomad_max_pop_af': None, 'source': 'gnomAD v4.1', 'is_common_variant': False, 'frequency_classification': None}","{'code': 'None', 'strength': 'None', 'description': 'Computational evidence is inconclusive', 'clinical_note': 'Evo2-7B prediction: delta_score=-0.0007. Score is in the uncertain range and does not provide strong evidence in either direction.'}","{'summary': ""TP53 encodes a tumor suppressor protein that acts as a transcription factor, regulating cell-cycle control, DNA repair, senescence, autophagy, and apoptosis. Mutations in TP53 are associated with a high frequency of human cancers, with missense mutations being the most common type, and specific allelic variants exhibiting dominant-negative or gain-of-function activities. The gene's dysfunction is linked to cancer formation, and its variants have also been implicated in fertility, aging, longevity, and environmental adaptation, highlighting its critical role in maintaining genomic stability and preventing disease."", 'pubmed_ids': ['30224644', '29979965', '36766853', '27328919', '31395785'], 'gene_function': 'Unlike most tumor suppressor genes, the most common genetic alterations in tumor protein p53 (TP53) are missense mutations<sup>1,2</sup>', 'articles_found': 5}"
MOCK_019,M,chr4,186627650,A,GA,FAT1,frameshift,INDEL,0.2103855091258997,75.57377601556612,206,186627650,A,GA,FAT1,-0.00021338462829589844,Likely benign,0.7813013195991516,Evo2_AI,"{'gnomad_af': None, 'gnomad_max_pop_af': None, 'source': 'gnomAD v4.1', 'is_common_variant': False, 'frequency_classification': None}","{'code': 'None', 'strength': 'None', 'description': 'Computational evidence is inconclusive', 'clinical_note': 'Evo2-7B prediction: delta_score=-0.0002. Score is in the uncertain range and does not provide strong evidence in either direction.'}","{'summary': 'FAT1 is a tumor suppressor gene that encodes a protocadherin-like protein involved in cell-cell adhesion and signaling, with mutations in FAT1 associated with various cancers, including head and neck squamous cell carcinomas (HNSCC) and small cell lung cancer (SCLC). FAT1 mutations have been linked to oncogenic roles, promoting cancer cell migration and invasion, and have been identified as a tumor mutation burden (TMB) specific gene that affects the immunotherapy effect in HNSCC. Alterations in FAT1 have been correlated with poor prognosis and may serve as a potential biomarker for predicting response to immunotherapy in cancer patients.', 'pubmed_ids': ['38181741', '25631445', '38986165', '30224757', '33328637'], 'gene_function': None, 'articles_found': 5}"
MOCK_019,M,chr17,7577120,G,T,TP53,missense,SNV,0.7726699936220565,96.19625549941529,142,7577120,G,T,TP53,-0.0007470846176147461,Likely benign,0.1893923580646515,Evo2_AI,"{'gnomad_af': None, 'gnomad_max_pop_af': None, 'source': 'gnomAD v4.1', 'is_common_variant': False, 'frequency_classification': None}","{'code': 'None', 'strength': 'None', 'description': 'Computational evidence is inconclusive', 'clinical_note': 'Evo2-7B prediction: delta_score=-0.0007. Score is in the uncertain range and does not provide strong evidence in either direction.'}","{'summary': ""TP53 encodes a tumor suppressor protein that acts as a transcription factor, regulating cell-cycle control, DNA repair, senescence, autophagy, and apoptosis. Mutations in TP53 are associated with a high frequency of human cancers, with missense mutations being the most common type, and specific allelic variants exhibiting dominant-negative or gain-of-function activities. The gene's dysfunction is linked to cancer formation, and its variants have also been implicated in fertility, aging, longevity, and environmental adaptation, highlighting its critical role in maintaining genomic stability and preventing disease."", 'pubmed_ids': ['30224644', '29979965', '36766853', '27328919', '31395785'], 'gene_function': 'Unlike most tumor suppressor genes, the most common genetic alterations in tumor protein p53 (TP53) are missense mutations<sup>1,2</sup>', 'articles_found': 5}"
MOCK_020,M,chr17,7577120,G,T,TP53,missense,SNV,0.7182434629581336,97.40382472600128,100,7577120,G,T,TP53,-0.0007470846176147461,Likely benign,0.1893923580646515,Evo2_AI,"{'gnomad_af': None, 'gnomad_max_pop_af': None, 'source': 'gnomAD v4.1', 'is_common_variant': False, 'frequency_classification': None}","{'code': 'None', 'strength': 'None', 'description': 'Computational evidence is inconclusive', 'clinical_note': 'Evo2-7B prediction: delta_score=-0.0007. Score is in the uncertain range and does not provide strong evidence in either direction.'}","{'summary': ""TP53 encodes a tumor suppressor protein that acts as a transcription factor, regulating cell-cycle control, DNA repair, senescence, autophagy, and apoptosis. Mutations in TP53 are associated with a high frequency of human cancers, with missense mutations being the most common type, and specific allelic variants exhibiting dominant-negative or gain-of-function activities. The gene's dysfunction is linked to cancer formation, and its variants have also been implicated in fertility, aging, longevity, and environmental adaptation, highlighting its critical role in maintaining genomic stability and preventing disease."", 'pubmed_ids': ['30224644', '29979965', '36766853', '27328919', '31395785'], 'gene_function': 'Unlike most tumor suppressor genes, the most common genetic alterations in tumor protein p53 (TP53) are missense mutations<sup>1,2</sup>', 'articles_found': 5}"
MOCK_020,M,chr4,186627650,A,GA,FAT1,frameshift,INDEL,0.7815754991314616,99.24558800909512,212,186627650,A,GA,FAT1,-0.00021338462829589844,Likely benign,0.7813013195991516,Evo2_AI,"{'gnomad_af': None, 'gnomad_max_pop_af': None, 'source': 'gnomAD v4.1', 'is_common_variant': False, 'frequency_classification': None}","{'code': 'None', 'strength': 'None', 'description': 'Computational evidence is inconclusive', 'clinical_note': 'Evo2-7B prediction: delta_score=-0.0002. Score is in the uncertain range and does not provide strong evidence in either direction.'}","{'summary': 'FAT1 is a tumor suppressor gene that encodes a protocadherin-like protein involved in cell-cell adhesion and signaling, with mutations in FAT1 associated with various cancers, including head and neck squamous cell carcinomas (HNSCC) and small cell lung cancer (SCLC). FAT1 mutations have been linked to oncogenic roles, promoting cancer cell migration and invasion, and have been identified as a tumor mutation burden (TMB) specific gene that affects the immunotherapy effect in HNSCC. Alterations in FAT1 have been correlated with poor prognosis and may serve as a potential biomarker for predicting response to immunotherapy in cancer patients.', 'pubmed_ids': ['38181741', '25631445', '38986165', '30224757', '33328637'], 'gene_function': None, 'articles_found': 5}"
MOCK_020,M,chr4,186627644,AGG,C,FAT1,frameshift,INDEL,0.4052565600880662,74.87486691231588,294,186627644,AGG,C,FAT1,-4.762411117553711e-05,Likely benign,0.9651408195495605,Evo2_AI,"{'gnomad_af': None, 'gnomad_max_pop_af': None, 'source': 'gnomAD v4.1', 'is_common_variant': False, 'frequency_classification': None}","{'code': 'None', 'strength': 'None', 'description': 'Computational evidence is inconclusive', 'clinical_note': 'Evo2-7B prediction: delta_score=-0.0000. Score is in the uncertain range and does not provide strong evidence in either direction.'}","{'summary': 'FAT1 is a tumor suppressor gene that encodes a protocadherin protein involved in cell-cell adhesion and signaling, with mutations in FAT1 associated with various cancers, including head and neck squamous cell carcinomas (HNSCC) and small cell lung cancer (SCLC). FAT1 mutations have been linked to oncogenic roles, promoting cancer cell migration and invasion, and have been identified as a tumor mutation burden (TMB) specific gene that affects the immunotherapy effect in HNSCC. Alterations in FAT1 have been correlated with poor prognosis and may serve as a potential biomarker for predicting response to immunotherapy in cancer patients.', 'pubmed_ids': ['38181741', '25631445', '38986165', '30224757', '33328637'], 'gene_function': None, 'articles_found': 5}"
MOCK_020,M,chr17,7577548,T,T,TP53,missense,SNV,0.3230605550372422,63.444963492452615,470,7577548,T,T,TP53,0.0,Likely benign,1.0,Evo2_AI,"{'gnomad_af': None, 'gnomad_max_pop_af': None, 'source': 'gnomAD v4.1', 'is_common_variant': False, 'frequency_classification': None}","{'code': 'None', 'strength': 'None', 'description': 'Computational evidence is inconclusive', 'clinical_note': 'Evo2-7B prediction: delta_score=0.0000. Score is in the uncertain range and does not provide strong evidence in either direction.'}","{'summary': ""TP53 encodes a tumor suppressor protein that acts as a transcription factor, regulating cell-cycle control, DNA repair, senescence, autophagy, and apoptosis. Mutations in TP53 are associated with a high frequency of human cancers, with missense mutations being the most common type, and specific allelic variants exhibiting dominant-negative or gain-of-function activities. The gene's mutation spectrum has been linked to cancer development and progression, with certain variants showing differential functional impact, highlighting the importance of TP53 in cancer formation and its potential role in adaptation, aging, and longevity."", 'pubmed_ids': ['30224644', '29979965', '36766853', '27328919', '31395785'], 'gene_function': 'Unlike most tumor suppressor genes, the most common genetic alterations in tumor protein p53 (TP53) are missense mutations<sup>1,2</sup>', 'articles_found': 5}"
