patient_id,sex,chrom,pos,ref,alt,gene,consequence,variant_type,vaf,qual,depth,position,reference,alternative,gene_symbol,delta_score,prediction,classification_confidence,classification_source,population_frequency,acmg_evidence,literature_context,is_indel
MOCK_001,F,chr4,186627644,AGG,C,FAT1,frameshift,INDEL,0.6365564372565982,77.41266863542307,223,186627644,AGG,C,FAT1,-4.762411117553711e-05,Likely benign,0.9651408195495604,Evo2_AI,"{'gnomad_af': None, 'gnomad_max_pop_af': None, 'source': 'gnomAD v4.1', 'is_common_variant': False, 'frequency_classification': None}","{'code': 'None', 'strength': 'None', 'description': 'Computational evidence is inconclusive', 'clinical_note': 'Evo2-7B prediction: delta_score=-0.0000. Score is in the uncertain range and does not provide strong evidence in either direction.'}","{'summary': 'FAT1 is a tumor suppressor gene that encodes a protocadherin protein involved in cell-cell adhesion and signaling, with mutations in FAT1 associated with various cancers, including head and neck squamous cell carcinomas (HNSCC) and small cell lung cancer (SCLC). FAT1 mutations have been linked to oncogenic roles, promoting cancer cell migration and invasion, and have been identified as a tumor mutation burden (TMB) specific gene that affects the immunotherapy effect in HNSCC. Alterations in FAT1 have been correlated with poor prognosis and may serve as a potential biomarker for predicting response to immunotherapy in cancer patients.', 'pubmed_ids': ['38181741', '25631445', '38986165', '30224757', '33328637'], 'gene_function': None, 'articles_found': 5}",True
MOCK_002,F,chr4,186627644,AGG,C,FAT1,frameshift,INDEL,0.4829542441649733,62.02076513443361,219,186627644,AGG,C,FAT1,-4.762411117553711e-05,Likely benign,0.9651408195495604,Evo2_AI,"{'gnomad_af': None, 'gnomad_max_pop_af': None, 'source': 'gnomAD v4.1', 'is_common_variant': False, 'frequency_classification': None}","{'code': 'None', 'strength': 'None', 'description': 'Computational evidence is inconclusive', 'clinical_note': 'Evo2-7B prediction: delta_score=-0.0000. Score is in the uncertain range and does not provide strong evidence in either direction.'}","{'summary': 'FAT1 is a tumor suppressor gene that encodes a protocadherin protein involved in cell-cell adhesion and signaling, with mutations in FAT1 associated with various cancers, including head and neck squamous cell carcinomas (HNSCC) and small cell lung cancer (SCLC). FAT1 mutations have been linked to oncogenic roles, promoting cancer cell migration and invasion, and have been identified as a tumor mutation burden (TMB) specific gene that affects the immunotherapy effect in HNSCC. Alterations in FAT1 have been correlated with poor prognosis and may serve as a potential biomarker for predicting response to immunotherapy in cancer patients.', 'pubmed_ids': ['38181741', '25631445', '38986165', '30224757', '33328637'], 'gene_function': None, 'articles_found': 5}",True
MOCK_002,F,chr4,186627650,A,GA,FAT1,frameshift,INDEL,0.6749886773209177,68.01578660841074,124,186627650,A,GA,FAT1,-0.0002133846282958,Likely benign,0.7813013195991516,Evo2_AI,"{'gnomad_af': None, 'gnomad_max_pop_af': None, 'source': 'gnomAD v4.1', 'is_common_variant': False, 'frequency_classification': None}","{'code': 'None', 'strength': 'None', 'description': 'Computational evidence is inconclusive', 'clinical_note': 'Evo2-7B prediction: delta_score=-0.0002. Score is in the uncertain range and does not provide strong evidence in either direction.'}","{'summary': 'FAT1 is a tumor suppressor gene that encodes a protocadherin-like protein involved in cell-cell adhesion and signaling, with mutations in FAT1 associated with various cancers, including head and neck squamous cell carcinomas (HNSCC) and small cell lung cancer (SCLC). FAT1 mutations have been linked to oncogenic roles, promoting cancer cell migration and invasion, and have been identified as a tumor mutation burden (TMB) specific gene that affects the immunotherapy effect in HNSCC. Alterations in FAT1 have been correlated with poor prognosis and may serve as a potential biomarker for predicting response to immunotherapy in cancer patients.', 'pubmed_ids': ['38181741', '25631445', '38986165', '30224757', '33328637'], 'gene_function': None, 'articles_found': 5}",True
MOCK_003,F,chr4,186627644,AGG,C,FAT1,frameshift,INDEL,0.2205985319690356,87.96247344803447,398,186627644,AGG,C,FAT1,-4.762411117553711e-05,Likely benign,0.9651408195495604,Evo2_AI,"{'gnomad_af': None, 'gnomad_max_pop_af': None, 'source': 'gnomAD v4.1', 'is_common_variant': False, 'frequency_classification': None}","{'code': 'None', 'strength': 'None', 'description': 'Computational evidence is inconclusive', 'clinical_note': 'Evo2-7B prediction: delta_score=-0.0000. Score is in the uncertain range and does not provide strong evidence in either direction.'}","{'summary': 'FAT1 is a tumor suppressor gene that encodes a protocadherin protein involved in cell-cell adhesion and signaling, with mutations in FAT1 associated with various cancers, including head and neck squamous cell carcinomas (HNSCC) and small cell lung cancer (SCLC). FAT1 mutations have been linked to oncogenic roles, promoting cancer cell migration and invasion, and have been identified as a tumor mutation burden (TMB) specific gene that affects the immunotherapy effect in HNSCC. Alterations in FAT1 have been correlated with poor prognosis and may serve as a potential biomarker for predicting response to immunotherapy in cancer patients.', 'pubmed_ids': ['38181741', '25631445', '38986165', '30224757', '33328637'], 'gene_function': None, 'articles_found': 5}",True
MOCK_003,F,chr4,186627650,A,GA,FAT1,frameshift,INDEL,0.2303758934534605,51.17145837227179,397,186627650,A,GA,FAT1,-0.0002133846282958,Likely benign,0.7813013195991516,Evo2_AI,"{'gnomad_af': None, 'gnomad_max_pop_af': None, 'source': 'gnomAD v4.1', 'is_common_variant': False, 'frequency_classification': None}","{'code': 'None', 'strength': 'None', 'description': 'Computational evidence is inconclusive', 'clinical_note': 'Evo2-7B prediction: delta_score=-0.0002. Score is in the uncertain range and does not provide strong evidence in either direction.'}","{'summary': 'FAT1 is a tumor suppressor gene that encodes a protocadherin-like protein involved in cell-cell adhesion and signaling, with mutations in FAT1 associated with various cancers, including head and neck squamous cell carcinomas (HNSCC) and small cell lung cancer (SCLC). FAT1 mutations have been linked to oncogenic roles, promoting cancer cell migration and invasion, and have been identified as a tumor mutation burden (TMB) specific gene that affects the immunotherapy effect in HNSCC. Alterations in FAT1 have been correlated with poor prognosis and may serve as a potential biomarker for predicting response to immunotherapy in cancer patients.', 'pubmed_ids': ['38181741', '25631445', '38986165', '30224757', '33328637'], 'gene_function': None, 'articles_found': 5}",True
MOCK_004,F,chr4,186627644,AGG,C,FAT1,frameshift,INDEL,0.6598666276750522,80.55048402663886,356,186627644,AGG,C,FAT1,-4.762411117553711e-05,Likely benign,0.9651408195495604,Evo2_AI,"{'gnomad_af': None, 'gnomad_max_pop_af': None, 'source': 'gnomAD v4.1', 'is_common_variant': False, 'frequency_classification': None}","{'code': 'None', 'strength': 'None', 'description': 'Computational evidence is inconclusive', 'clinical_note': 'Evo2-7B prediction: delta_score=-0.0000. Score is in the uncertain range and does not provide strong evidence in either direction.'}","{'summary': 'FAT1 is a tumor suppressor gene that encodes a protocadherin protein involved in cell-cell adhesion and signaling, with mutations in FAT1 associated with various cancers, including head and neck squamous cell carcinomas (HNSCC) and small cell lung cancer (SCLC). FAT1 mutations have been linked to oncogenic roles, promoting cancer cell migration and invasion, and have been identified as a tumor mutation burden (TMB) specific gene that affects the immunotherapy effect in HNSCC. Alterations in FAT1 have been correlated with poor prognosis and may serve as a potential biomarker for predicting response to immunotherapy in cancer patients.', 'pubmed_ids': ['38181741', '25631445', '38986165', '30224757', '33328637'], 'gene_function': None, 'articles_found': 5}",True
MOCK_005,F,chr4,186627644,AGG,C,FAT1,frameshift,INDEL,0.3970261606442289,86.32736563613022,359,186627644,AGG,C,FAT1,-4.762411117553711e-05,Likely benign,0.9651408195495604,Evo2_AI,"{'gnomad_af': None, 'gnomad_max_pop_af': None, 'source': 'gnomAD v4.1', 'is_common_variant': False, 'frequency_classification': None}","{'code': 'None', 'strength': 'None', 'description': 'Computational evidence is inconclusive', 'clinical_note': 'Evo2-7B prediction: delta_score=-0.0000. Score is in the uncertain range and does not provide strong evidence in either direction.'}","{'summary': 'FAT1 is a tumor suppressor gene that encodes a protocadherin protein involved in cell-cell adhesion and signaling, with mutations in FAT1 associated with various cancers, including head and neck squamous cell carcinomas (HNSCC) and small cell lung cancer (SCLC). FAT1 mutations have been linked to oncogenic roles, promoting cancer cell migration and invasion, and have been identified as a tumor mutation burden (TMB) specific gene that affects the immunotherapy effect in HNSCC. Alterations in FAT1 have been correlated with poor prognosis and may serve as a potential biomarker for predicting response to immunotherapy in cancer patients.', 'pubmed_ids': ['38181741', '25631445', '38986165', '30224757', '33328637'], 'gene_function': None, 'articles_found': 5}",True
MOCK_005,F,chr4,186627650,A,GA,FAT1,frameshift,INDEL,0.4230756666154545,91.99253830493052,486,186627650,A,GA,FAT1,-0.0002133846282958,Likely benign,0.7813013195991516,Evo2_AI,"{'gnomad_af': None, 'gnomad_max_pop_af': None, 'source': 'gnomAD v4.1', 'is_common_variant': False, 'frequency_classification': None}","{'code': 'None', 'strength': 'None', 'description': 'Computational evidence is inconclusive', 'clinical_note': 'Evo2-7B prediction: delta_score=-0.0002. Score is in the uncertain range and does not provide strong evidence in either direction.'}","{'summary': 'FAT1 is a tumor suppressor gene that encodes a protocadherin-like protein involved in cell-cell adhesion and signaling, with mutations in FAT1 associated with various cancers, including head and neck squamous cell carcinomas (HNSCC) and small cell lung cancer (SCLC). FAT1 mutations have been linked to oncogenic roles, promoting cancer cell migration and invasion, and have been identified as a tumor mutation burden (TMB) specific gene that affects the immunotherapy effect in HNSCC. Alterations in FAT1 have been correlated with poor prognosis and may serve as a potential biomarker for predicting response to immunotherapy in cancer patients.', 'pubmed_ids': ['38181741', '25631445', '38986165', '30224757', '33328637'], 'gene_function': None, 'articles_found': 5}",True
MOCK_006,M,chr4,186627644,AGG,C,FAT1,frameshift,INDEL,0.6335633410450887,81.03014626880449,451,186627644,AGG,C,FAT1,-4.762411117553711e-05,Likely benign,0.9651408195495604,Evo2_AI,"{'gnomad_af': None, 'gnomad_max_pop_af': None, 'source': 'gnomAD v4.1', 'is_common_variant': False, 'frequency_classification': None}","{'code': 'None', 'strength': 'None', 'description': 'Computational evidence is inconclusive', 'clinical_note': 'Evo2-7B prediction: delta_score=-0.0000. Score is in the uncertain range and does not provide strong evidence in either direction.'}","{'summary': 'FAT1 is a tumor suppressor gene that encodes a protocadherin protein involved in cell-cell adhesion and signaling, with mutations in FAT1 associated with various cancers, including head and neck squamous cell carcinomas (HNSCC) and small cell lung cancer (SCLC). FAT1 mutations have been linked to oncogenic roles, promoting cancer cell migration and invasion, and have been identified as a tumor mutation burden (TMB) specific gene that affects the immunotherapy effect in HNSCC. Alterations in FAT1 have been correlated with poor prognosis and may serve as a potential biomarker for predicting response to immunotherapy in cancer patients.', 'pubmed_ids': ['38181741', '25631445', '38986165', '30224757', '33328637'], 'gene_function': None, 'articles_found': 5}",True
MOCK_006,M,chr4,186627650,A,GA,FAT1,frameshift,INDEL,0.5808355376367056,57.86219978677192,221,186627650,A,GA,FAT1,-0.0002133846282958,Likely benign,0.7813013195991516,Evo2_AI,"{'gnomad_af': None, 'gnomad_max_pop_af': None, 'source': 'gnomAD v4.1', 'is_common_variant': False, 'frequency_classification': None}","{'code': 'None', 'strength': 'None', 'description': 'Computational evidence is inconclusive', 'clinical_note': 'Evo2-7B prediction: delta_score=-0.0002. Score is in the uncertain range and does not provide strong evidence in either direction.'}","{'summary': 'FAT1 is a tumor suppressor gene that encodes a protocadherin-like protein involved in cell-cell adhesion and signaling, with mutations in FAT1 associated with various cancers, including head and neck squamous cell carcinomas (HNSCC) and small cell lung cancer (SCLC). FAT1 mutations have been linked to oncogenic roles, promoting cancer cell migration and invasion, and have been identified as a tumor mutation burden (TMB) specific gene that affects the immunotherapy effect in HNSCC. Alterations in FAT1 have been correlated with poor prognosis and may serve as a potential biomarker for predicting response to immunotherapy in cancer patients.', 'pubmed_ids': ['38181741', '25631445', '38986165', '30224757', '33328637'], 'gene_function': None, 'articles_found': 5}",True
MOCK_007,M,chr4,186627650,A,GA,FAT1,frameshift,INDEL,0.5529711602334157,94.25568433133556,129,186627650,A,GA,FAT1,-0.0002133846282958,Likely benign,0.7813013195991516,Evo2_AI,"{'gnomad_af': None, 'gnomad_max_pop_af': None, 'source': 'gnomAD v4.1', 'is_common_variant': False, 'frequency_classification': None}","{'code': 'None', 'strength': 'None', 'description': 'Computational evidence is inconclusive', 'clinical_note': 'Evo2-7B prediction: delta_score=-0.0002. Score is in the uncertain range and does not provide strong evidence in either direction.'}","{'summary': 'FAT1 is a tumor suppressor gene that encodes a protocadherin-like protein involved in cell-cell adhesion and signaling, with mutations in FAT1 associated with various cancers, including head and neck squamous cell carcinomas (HNSCC) and small cell lung cancer (SCLC). FAT1 mutations have been linked to oncogenic roles, promoting cancer cell migration and invasion, and have been identified as a tumor mutation burden (TMB) specific gene that affects the immunotherapy effect in HNSCC. Alterations in FAT1 have been correlated with poor prognosis and may serve as a potential biomarker for predicting response to immunotherapy in cancer patients.', 'pubmed_ids': ['38181741', '25631445', '38986165', '30224757', '33328637'], 'gene_function': None, 'articles_found': 5}",True
MOCK_008,M,chr4,186627650,A,GA,FAT1,frameshift,INDEL,0.3349058526207153,88.91573370868572,115,186627650,A,GA,FAT1,-0.0002133846282958,Likely benign,0.7813013195991516,Evo2_AI,"{'gnomad_af': None, 'gnomad_max_pop_af': None, 'source': 'gnomAD v4.1', 'is_common_variant': False, 'frequency_classification': None}","{'code': 'None', 'strength': 'None', 'description': 'Computational evidence is inconclusive', 'clinical_note': 'Evo2-7B prediction: delta_score=-0.0002. Score is in the uncertain range and does not provide strong evidence in either direction.'}","{'summary': 'FAT1 is a tumor suppressor gene that encodes a protocadherin-like protein involved in cell-cell adhesion and signaling, with mutations in FAT1 associated with various cancers, including head and neck squamous cell carcinomas (HNSCC) and small cell lung cancer (SCLC). FAT1 mutations have been linked to oncogenic roles, promoting cancer cell migration and invasion, and have been identified as a tumor mutation burden (TMB) specific gene that affects the immunotherapy effect in HNSCC. Alterations in FAT1 have been correlated with poor prognosis and may serve as a potential biomarker for predicting response to immunotherapy in cancer patients.', 'pubmed_ids': ['38181741', '25631445', '38986165', '30224757', '33328637'], 'gene_function': None, 'articles_found': 5}",True
MOCK_008,M,chr4,186627644,AGG,C,FAT1,frameshift,INDEL,0.5602709715785416,91.23376031164386,273,186627644,AGG,C,FAT1,-4.762411117553711e-05,Likely benign,0.9651408195495604,Evo2_AI,"{'gnomad_af': None, 'gnomad_max_pop_af': None, 'source': 'gnomAD v4.1', 'is_common_variant': False, 'frequency_classification': None}","{'code': 'None', 'strength': 'None', 'description': 'Computational evidence is inconclusive', 'clinical_note': 'Evo2-7B prediction: delta_score=-0.0000. Score is in the uncertain range and does not provide strong evidence in either direction.'}","{'summary': 'FAT1 is a tumor suppressor gene that encodes a protocadherin protein involved in cell-cell adhesion and signaling, with mutations in FAT1 associated with various cancers, including head and neck squamous cell carcinomas (HNSCC) and small cell lung cancer (SCLC). FAT1 mutations have been linked to oncogenic roles, promoting cancer cell migration and invasion, and have been identified as a tumor mutation burden (TMB) specific gene that affects the immunotherapy effect in HNSCC. Alterations in FAT1 have been correlated with poor prognosis and may serve as a potential biomarker for predicting response to immunotherapy in cancer patients.', 'pubmed_ids': ['38181741', '25631445', '38986165', '30224757', '33328637'], 'gene_function': None, 'articles_found': 5}",True
MOCK_009,M,chr4,186627644,AGG,C,FAT1,frameshift,INDEL,0.6997957446242311,86.75134626564184,114,186627644,AGG,C,FAT1,-4.762411117553711e-05,Likely benign,0.9651408195495604,Evo2_AI,"{'gnomad_af': None, 'gnomad_max_pop_af': None, 'source': 'gnomAD v4.1', 'is_common_variant': False, 'frequency_classification': None}","{'code': 'None', 'strength': 'None', 'description': 'Computational evidence is inconclusive', 'clinical_note': 'Evo2-7B prediction: delta_score=-0.0000. Score is in the uncertain range and does not provide strong evidence in either direction.'}","{'summary': 'FAT1 is a tumor suppressor gene that encodes a protocadherin protein involved in cell-cell adhesion and signaling, with mutations in FAT1 associated with various cancers, including head and neck squamous cell carcinomas (HNSCC) and small cell lung cancer (SCLC). FAT1 mutations have been linked to oncogenic roles, promoting cancer cell migration and invasion, and have been identified as a tumor mutation burden (TMB) specific gene that affects the immunotherapy effect in HNSCC. Alterations in FAT1 have been correlated with poor prognosis and may serve as a potential biomarker for predicting response to immunotherapy in cancer patients.', 'pubmed_ids': ['38181741', '25631445', '38986165', '30224757', '33328637'], 'gene_function': None, 'articles_found': 5}",True
MOCK_010,M,chr4,186627644,AGG,C,FAT1,frameshift,INDEL,0.2346063657879386,56.01269074873019,110,186627644,AGG,C,FAT1,-4.762411117553711e-05,Likely benign,0.9651408195495604,Evo2_AI,"{'gnomad_af': None, 'gnomad_max_pop_af': None, 'source': 'gnomAD v4.1', 'is_common_variant': False, 'frequency_classification': None}","{'code': 'None', 'strength': 'None', 'description': 'Computational evidence is inconclusive', 'clinical_note': 'Evo2-7B prediction: delta_score=-0.0000. Score is in the uncertain range and does not provide strong evidence in either direction.'}","{'summary': 'FAT1 is a tumor suppressor gene that encodes a protocadherin protein involved in cell-cell adhesion and signaling, with mutations in FAT1 associated with various cancers, including head and neck squamous cell carcinomas (HNSCC) and small cell lung cancer (SCLC). FAT1 mutations have been linked to oncogenic roles, promoting cancer cell migration and invasion, and have been identified as a tumor mutation burden (TMB) specific gene that affects the immunotherapy effect in HNSCC. Alterations in FAT1 have been correlated with poor prognosis and may serve as a potential biomarker for predicting response to immunotherapy in cancer patients.', 'pubmed_ids': ['38181741', '25631445', '38986165', '30224757', '33328637'], 'gene_function': None, 'articles_found': 5}",True
MOCK_011,M,chr4,186627650,A,GA,FAT1,frameshift,INDEL,0.5915416951066156,83.33938826890409,230,186627650,A,GA,FAT1,-0.0002133846282958,Likely benign,0.7813013195991516,Evo2_AI,"{'gnomad_af': None, 'gnomad_max_pop_af': None, 'source': 'gnomAD v4.1', 'is_common_variant': False, 'frequency_classification': None}","{'code': 'None', 'strength': 'None', 'description': 'Computational evidence is inconclusive', 'clinical_note': 'Evo2-7B prediction: delta_score=-0.0002. Score is in the uncertain range and does not provide strong evidence in either direction.'}","{'summary': 'FAT1 is a tumor suppressor gene that encodes a protocadherin-like protein involved in cell-cell adhesion and signaling, with mutations in FAT1 associated with various cancers, including head and neck squamous cell carcinomas (HNSCC) and small cell lung cancer (SCLC). FAT1 mutations have been linked to oncogenic roles, promoting cancer cell migration and invasion, and have been identified as a tumor mutation burden (TMB) specific gene that affects the immunotherapy effect in HNSCC. Alterations in FAT1 have been correlated with poor prognosis and may serve as a potential biomarker for predicting response to immunotherapy in cancer patients.', 'pubmed_ids': ['38181741', '25631445', '38986165', '30224757', '33328637'], 'gene_function': None, 'articles_found': 5}",True
MOCK_011,M,chr4,186627644,AGG,C,FAT1,frameshift,INDEL,0.7070868990047725,87.24343384564673,387,186627644,AGG,C,FAT1,-4.762411117553711e-05,Likely benign,0.9651408195495604,Evo2_AI,"{'gnomad_af': None, 'gnomad_max_pop_af': None, 'source': 'gnomAD v4.1', 'is_common_variant': False, 'frequency_classification': None}","{'code': 'None', 'strength': 'None', 'description': 'Computational evidence is inconclusive', 'clinical_note': 'Evo2-7B prediction: delta_score=-0.0000. Score is in the uncertain range and does not provide strong evidence in either direction.'}","{'summary': 'FAT1 is a tumor suppressor gene that encodes a protocadherin protein involved in cell-cell adhesion and signaling, with mutations in FAT1 associated with various cancers, including head and neck squamous cell carcinomas (HNSCC) and small cell lung cancer (SCLC). FAT1 mutations have been linked to oncogenic roles, promoting cancer cell migration and invasion, and have been identified as a tumor mutation burden (TMB) specific gene that affects the immunotherapy effect in HNSCC. Alterations in FAT1 have been correlated with poor prognosis and may serve as a potential biomarker for predicting response to immunotherapy in cancer patients.', 'pubmed_ids': ['38181741', '25631445', '38986165', '30224757', '33328637'], 'gene_function': None, 'articles_found': 5}",True
MOCK_012,M,chr4,186627650,A,GA,FAT1,frameshift,INDEL,0.6769958655648766,60.01434696084589,457,186627650,A,GA,FAT1,-0.0002133846282958,Likely benign,0.7813013195991516,Evo2_AI,"{'gnomad_af': None, 'gnomad_max_pop_af': None, 'source': 'gnomAD v4.1', 'is_common_variant': False, 'frequency_classification': None}","{'code': 'None', 'strength': 'None', 'description': 'Computational evidence is inconclusive', 'clinical_note': 'Evo2-7B prediction: delta_score=-0.0002. Score is in the uncertain range and does not provide strong evidence in either direction.'}","{'summary': 'FAT1 is a tumor suppressor gene that encodes a protocadherin-like protein involved in cell-cell adhesion and signaling, with mutations in FAT1 associated with various cancers, including head and neck squamous cell carcinomas (HNSCC) and small cell lung cancer (SCLC). FAT1 mutations have been linked to oncogenic roles, promoting cancer cell migration and invasion, and have been identified as a tumor mutation burden (TMB) specific gene that affects the immunotherapy effect in HNSCC. Alterations in FAT1 have been correlated with poor prognosis and may serve as a potential biomarker for predicting response to immunotherapy in cancer patients.', 'pubmed_ids': ['38181741', '25631445', '38986165', '30224757', '33328637'], 'gene_function': None, 'articles_found': 5}",True
MOCK_012,M,chr4,186627644,AGG,C,FAT1,frameshift,INDEL,0.3948217749429207,84.15536889248979,172,186627644,AGG,C,FAT1,-4.762411117553711e-05,Likely benign,0.9651408195495604,Evo2_AI,"{'gnomad_af': None, 'gnomad_max_pop_af': None, 'source': 'gnomAD v4.1', 'is_common_variant': False, 'frequency_classification': None}","{'code': 'None', 'strength': 'None', 'description': 'Computational evidence is inconclusive', 'clinical_note': 'Evo2-7B prediction: delta_score=-0.0000. Score is in the uncertain range and does not provide strong evidence in either direction.'}","{'summary': 'FAT1 is a tumor suppressor gene that encodes a protocadherin protein involved in cell-cell adhesion and signaling, with mutations in FAT1 associated with various cancers, including head and neck squamous cell carcinomas (HNSCC) and small cell lung cancer (SCLC). FAT1 mutations have been linked to oncogenic roles, promoting cancer cell migration and invasion, and have been identified as a tumor mutation burden (TMB) specific gene that affects the immunotherapy effect in HNSCC. Alterations in FAT1 have been correlated with poor prognosis and may serve as a potential biomarker for predicting response to immunotherapy in cancer patients.', 'pubmed_ids': ['38181741', '25631445', '38986165', '30224757', '33328637'], 'gene_function': None, 'articles_found': 5}",True
MOCK_013,M,chr4,186627650,A,GA,FAT1,frameshift,INDEL,0.6809893732324148,74.87360737231145,238,186627650,A,GA,FAT1,-0.0002133846282958,Likely benign,0.7813013195991516,Evo2_AI,"{'gnomad_af': None, 'gnomad_max_pop_af': None, 'source': 'gnomAD v4.1', 'is_common_variant': False, 'frequency_classification': None}","{'code': 'None', 'strength': 'None', 'description': 'Computational evidence is inconclusive', 'clinical_note': 'Evo2-7B prediction: delta_score=-0.0002. Score is in the uncertain range and does not provide strong evidence in either direction.'}","{'summary': 'FAT1 is a tumor suppressor gene that encodes a protocadherin-like protein involved in cell-cell adhesion and signaling, with mutations in FAT1 associated with various cancers, including head and neck squamous cell carcinomas (HNSCC) and small cell lung cancer (SCLC). FAT1 mutations have been linked to oncogenic roles, promoting cancer cell migration and invasion, and have been identified as a tumor mutation burden (TMB) specific gene that affects the immunotherapy effect in HNSCC. Alterations in FAT1 have been correlated with poor prognosis and may serve as a potential biomarker for predicting response to immunotherapy in cancer patients.', 'pubmed_ids': ['38181741', '25631445', '38986165', '30224757', '33328637'], 'gene_function': None, 'articles_found': 5}",True
MOCK_014,M,chr4,186627650,A,GA,FAT1,frameshift,INDEL,0.4041933574743732,50.57323674261344,231,186627650,A,GA,FAT1,-0.0002133846282958,Likely benign,0.7813013195991516,Evo2_AI,"{'gnomad_af': None, 'gnomad_max_pop_af': None, 'source': 'gnomAD v4.1', 'is_common_variant': False, 'frequency_classification': None}","{'code': 'None', 'strength': 'None', 'description': 'Computational evidence is inconclusive', 'clinical_note': 'Evo2-7B prediction: delta_score=-0.0002. Score is in the uncertain range and does not provide strong evidence in either direction.'}","{'summary': 'FAT1 is a tumor suppressor gene that encodes a protocadherin-like protein involved in cell-cell adhesion and signaling, with mutations in FAT1 associated with various cancers, including head and neck squamous cell carcinomas (HNSCC) and small cell lung cancer (SCLC). FAT1 mutations have been linked to oncogenic roles, promoting cancer cell migration and invasion, and have been identified as a tumor mutation burden (TMB) specific gene that affects the immunotherapy effect in HNSCC. Alterations in FAT1 have been correlated with poor prognosis and may serve as a potential biomarker for predicting response to immunotherapy in cancer patients.', 'pubmed_ids': ['38181741', '25631445', '38986165', '30224757', '33328637'], 'gene_function': None, 'articles_found': 5}",True
MOCK_015,M,chr4,186627644,AGG,C,FAT1,frameshift,INDEL,0.6199336417328036,96.56523374693894,266,186627644,AGG,C,FAT1,-4.762411117553711e-05,Likely benign,0.9651408195495604,Evo2_AI,"{'gnomad_af': None, 'gnomad_max_pop_af': None, 'source': 'gnomAD v4.1', 'is_common_variant': False, 'frequency_classification': None}","{'code': 'None', 'strength': 'None', 'description': 'Computational evidence is inconclusive', 'clinical_note': 'Evo2-7B prediction: delta_score=-0.0000. Score is in the uncertain range and does not provide strong evidence in either direction.'}","{'summary': 'FAT1 is a tumor suppressor gene that encodes a protocadherin protein involved in cell-cell adhesion and signaling, with mutations in FAT1 associated with various cancers, including head and neck squamous cell carcinomas (HNSCC) and small cell lung cancer (SCLC). FAT1 mutations have been linked to oncogenic roles, promoting cancer cell migration and invasion, and have been identified as a tumor mutation burden (TMB) specific gene that affects the immunotherapy effect in HNSCC. Alterations in FAT1 have been correlated with poor prognosis and may serve as a potential biomarker for predicting response to immunotherapy in cancer patients.', 'pubmed_ids': ['38181741', '25631445', '38986165', '30224757', '33328637'], 'gene_function': None, 'articles_found': 5}",True
MOCK_015,M,chr4,186627650,A,GA,FAT1,frameshift,INDEL,0.6497731046488945,68.5603920958625,495,186627650,A,GA,FAT1,-0.0002133846282958,Likely benign,0.7813013195991516,Evo2_AI,"{'gnomad_af': None, 'gnomad_max_pop_af': None, 'source': 'gnomAD v4.1', 'is_common_variant': False, 'frequency_classification': None}","{'code': 'None', 'strength': 'None', 'description': 'Computational evidence is inconclusive', 'clinical_note': 'Evo2-7B prediction: delta_score=-0.0002. Score is in the uncertain range and does not provide strong evidence in either direction.'}","{'summary': 'FAT1 is a tumor suppressor gene that encodes a protocadherin-like protein involved in cell-cell adhesion and signaling, with mutations in FAT1 associated with various cancers, including head and neck squamous cell carcinomas (HNSCC) and small cell lung cancer (SCLC). FAT1 mutations have been linked to oncogenic roles, promoting cancer cell migration and invasion, and have been identified as a tumor mutation burden (TMB) specific gene that affects the immunotherapy effect in HNSCC. Alterations in FAT1 have been correlated with poor prognosis and may serve as a potential biomarker for predicting response to immunotherapy in cancer patients.', 'pubmed_ids': ['38181741', '25631445', '38986165', '30224757', '33328637'], 'gene_function': None, 'articles_found': 5}",True
MOCK_016,M,chr4,186627644,AGG,C,FAT1,frameshift,INDEL,0.527559690375919,56.36174163072943,302,186627644,AGG,C,FAT1,-4.762411117553711e-05,Likely benign,0.9651408195495604,Evo2_AI,"{'gnomad_af': None, 'gnomad_max_pop_af': None, 'source': 'gnomAD v4.1', 'is_common_variant': False, 'frequency_classification': None}","{'code': 'None', 'strength': 'None', 'description': 'Computational evidence is inconclusive', 'clinical_note': 'Evo2-7B prediction: delta_score=-0.0000. Score is in the uncertain range and does not provide strong evidence in either direction.'}","{'summary': 'FAT1 is a tumor suppressor gene that encodes a protocadherin protein involved in cell-cell adhesion and signaling, with mutations in FAT1 associated with various cancers, including head and neck squamous cell carcinomas (HNSCC) and small cell lung cancer (SCLC). FAT1 mutations have been linked to oncogenic roles, promoting cancer cell migration and invasion, and have been identified as a tumor mutation burden (TMB) specific gene that affects the immunotherapy effect in HNSCC. Alterations in FAT1 have been correlated with poor prognosis and may serve as a potential biomarker for predicting response to immunotherapy in cancer patients.', 'pubmed_ids': ['38181741', '25631445', '38986165', '30224757', '33328637'], 'gene_function': None, 'articles_found': 5}",True
MOCK_017,M,chr4,186627650,A,GA,FAT1,frameshift,INDEL,0.5548344459052652,59.07628319401606,473,186627650,A,GA,FAT1,-0.0002133846282958,Likely benign,0.7813013195991516,Evo2_AI,"{'gnomad_af': None, 'gnomad_max_pop_af': None, 'source': 'gnomAD v4.1', 'is_common_variant': False, 'frequency_classification': None}","{'code': 'None', 'strength': 'None', 'description': 'Computational evidence is inconclusive', 'clinical_note': 'Evo2-7B prediction: delta_score=-0.0002. Score is in the uncertain range and does not provide strong evidence in either direction.'}","{'summary': 'FAT1 is a tumor suppressor gene that encodes a protocadherin-like protein involved in cell-cell adhesion and signaling, with mutations in FAT1 associated with various cancers, including head and neck squamous cell carcinomas (HNSCC) and small cell lung cancer (SCLC). FAT1 mutations have been linked to oncogenic roles, promoting cancer cell migration and invasion, and have been identified as a tumor mutation burden (TMB) specific gene that affects the immunotherapy effect in HNSCC. Alterations in FAT1 have been correlated with poor prognosis and may serve as a potential biomarker for predicting response to immunotherapy in cancer patients.', 'pubmed_ids': ['38181741', '25631445', '38986165', '30224757', '33328637'], 'gene_function': None, 'articles_found': 5}",True
MOCK_018,M,chr4,186627644,AGG,C,FAT1,frameshift,INDEL,0.3385305688731607,98.0166461801258,253,186627644,AGG,C,FAT1,-4.762411117553711e-05,Likely benign,0.9651408195495604,Evo2_AI,"{'gnomad_af': None, 'gnomad_max_pop_af': None, 'source': 'gnomAD v4.1', 'is_common_variant': False, 'frequency_classification': None}","{'code': 'None', 'strength': 'None', 'description': 'Computational evidence is inconclusive', 'clinical_note': 'Evo2-7B prediction: delta_score=-0.0000. Score is in the uncertain range and does not provide strong evidence in either direction.'}","{'summary': 'FAT1 is a tumor suppressor gene that encodes a protocadherin protein involved in cell-cell adhesion and signaling, with mutations in FAT1 associated with various cancers, including head and neck squamous cell carcinomas (HNSCC) and small cell lung cancer (SCLC). FAT1 mutations have been linked to oncogenic roles, promoting cancer cell migration and invasion, and have been identified as a tumor mutation burden (TMB) specific gene that affects the immunotherapy effect in HNSCC. Alterations in FAT1 have been correlated with poor prognosis and may serve as a potential biomarker for predicting response to immunotherapy in cancer patients.', 'pubmed_ids': ['38181741', '25631445', '38986165', '30224757', '33328637'], 'gene_function': None, 'articles_found': 5}",True
MOCK_018,M,chr4,186627650,A,GA,FAT1,frameshift,INDEL,0.6732516375193895,82.70562954947957,274,186627650,A,GA,FAT1,-0.0002133846282958,Likely benign,0.7813013195991516,Evo2_AI,"{'gnomad_af': None, 'gnomad_max_pop_af': None, 'source': 'gnomAD v4.1', 'is_common_variant': False, 'frequency_classification': None}","{'code': 'None', 'strength': 'None', 'description': 'Computational evidence is inconclusive', 'clinical_note': 'Evo2-7B prediction: delta_score=-0.0002. Score is in the uncertain range and does not provide strong evidence in either direction.'}","{'summary': 'FAT1 is a tumor suppressor gene that encodes a protocadherin-like protein involved in cell-cell adhesion and signaling, with mutations in FAT1 associated with various cancers, including head and neck squamous cell carcinomas (HNSCC) and small cell lung cancer (SCLC). FAT1 mutations have been linked to oncogenic roles, promoting cancer cell migration and invasion, and have been identified as a tumor mutation burden (TMB) specific gene that affects the immunotherapy effect in HNSCC. Alterations in FAT1 have been correlated with poor prognosis and may serve as a potential biomarker for predicting response to immunotherapy in cancer patients.', 'pubmed_ids': ['38181741', '25631445', '38986165', '30224757', '33328637'], 'gene_function': None, 'articles_found': 5}",True
MOCK_019,M,chr4,186627650,A,GA,FAT1,frameshift,INDEL,0.2103855091258997,75.57377601556612,206,186627650,A,GA,FAT1,-0.0002133846282958,Likely benign,0.7813013195991516,Evo2_AI,"{'gnomad_af': None, 'gnomad_max_pop_af': None, 'source': 'gnomAD v4.1', 'is_common_variant': False, 'frequency_classification': None}","{'code': 'None', 'strength': 'None', 'description': 'Computational evidence is inconclusive', 'clinical_note': 'Evo2-7B prediction: delta_score=-0.0002. Score is in the uncertain range and does not provide strong evidence in either direction.'}","{'summary': 'FAT1 is a tumor suppressor gene that encodes a protocadherin-like protein involved in cell-cell adhesion and signaling, with mutations in FAT1 associated with various cancers, including head and neck squamous cell carcinomas (HNSCC) and small cell lung cancer (SCLC). FAT1 mutations have been linked to oncogenic roles, promoting cancer cell migration and invasion, and have been identified as a tumor mutation burden (TMB) specific gene that affects the immunotherapy effect in HNSCC. Alterations in FAT1 have been correlated with poor prognosis and may serve as a potential biomarker for predicting response to immunotherapy in cancer patients.', 'pubmed_ids': ['38181741', '25631445', '38986165', '30224757', '33328637'], 'gene_function': None, 'articles_found': 5}",True
MOCK_020,M,chr4,186627650,A,GA,FAT1,frameshift,INDEL,0.7815754991314616,99.24558800909512,212,186627650,A,GA,FAT1,-0.0002133846282958,Likely benign,0.7813013195991516,Evo2_AI,"{'gnomad_af': None, 'gnomad_max_pop_af': None, 'source': 'gnomAD v4.1', 'is_common_variant': False, 'frequency_classification': None}","{'code': 'None', 'strength': 'None', 'description': 'Computational evidence is inconclusive', 'clinical_note': 'Evo2-7B prediction: delta_score=-0.0002. Score is in the uncertain range and does not provide strong evidence in either direction.'}","{'summary': 'FAT1 is a tumor suppressor gene that encodes a protocadherin-like protein involved in cell-cell adhesion and signaling, with mutations in FAT1 associated with various cancers, including head and neck squamous cell carcinomas (HNSCC) and small cell lung cancer (SCLC). FAT1 mutations have been linked to oncogenic roles, promoting cancer cell migration and invasion, and have been identified as a tumor mutation burden (TMB) specific gene that affects the immunotherapy effect in HNSCC. Alterations in FAT1 have been correlated with poor prognosis and may serve as a potential biomarker for predicting response to immunotherapy in cancer patients.', 'pubmed_ids': ['38181741', '25631445', '38986165', '30224757', '33328637'], 'gene_function': None, 'articles_found': 5}",True
MOCK_020,M,chr4,186627644,AGG,C,FAT1,frameshift,INDEL,0.4052565600880662,74.87486691231588,294,186627644,AGG,C,FAT1,-4.762411117553711e-05,Likely benign,0.9651408195495604,Evo2_AI,"{'gnomad_af': None, 'gnomad_max_pop_af': None, 'source': 'gnomAD v4.1', 'is_common_variant': False, 'frequency_classification': None}","{'code': 'None', 'strength': 'None', 'description': 'Computational evidence is inconclusive', 'clinical_note': 'Evo2-7B prediction: delta_score=-0.0000. Score is in the uncertain range and does not provide strong evidence in either direction.'}","{'summary': 'FAT1 is a tumor suppressor gene that encodes a protocadherin protein involved in cell-cell adhesion and signaling, with mutations in FAT1 associated with various cancers, including head and neck squamous cell carcinomas (HNSCC) and small cell lung cancer (SCLC). FAT1 mutations have been linked to oncogenic roles, promoting cancer cell migration and invasion, and have been identified as a tumor mutation burden (TMB) specific gene that affects the immunotherapy effect in HNSCC. Alterations in FAT1 have been correlated with poor prognosis and may serve as a potential biomarker for predicting response to immunotherapy in cancer patients.', 'pubmed_ids': ['38181741', '25631445', '38986165', '30224757', '33328637'], 'gene_function': None, 'articles_found': 5}",True
